user_id,predictions@1,precision@1,recall@1,predictions@5,precision@5,recall@5,predictions@10,precision@10,recall@10,actual,apk,mrr@10,hit@10
0,[241],0.0,0.0,"[241, 164, 77, 127, 169]",0.0,0.0,"[241, 164, 77, 127, 169, 60, 76, 239, 238, 207]",0.0,0.0,[26],0.004098360655737705,0.0,0.0
1,[164],0.0,0.0,"[164, 121, 128, 86, 239]",0.0,0.0,"[164, 121, 128, 86, 239, 109, 233, 240, 178, 76]",0.0,0.0,"[6, 36]",0.006965642285006082,0.0,0.0
2,[109],0.0,0.0,"[109, 241, 12, 169, 233]",0.0,0.0,"[109, 241, 12, 169, 233, 231, 207, 164, 102, 91]",0.0,0.0,[36],0.004291845493562232,0.0,0.0
3,[207],0.0,0.0,"[207, 62, 240, 35, 241]",0.0,0.0,"[207, 62, 240, 35, 241, 239, 109, 158, 124, 231]",0.0,0.0,[28],0.005,0.0,0.0
4,[12],0.0,0.0,"[12, 121, 109, 241, 142]",0.0,0.0,"[12, 121, 109, 241, 142, 62, 156, 231, 138, 85]",0.0,0.0,[26],0.004166666666666667,0.0,0.0
5,[232],0.0,0.0,"[232, 164, 207, 84, 216]",0.0,0.0,"[232, 164, 207, 84, 216, 233, 76, 199, 121, 187]",0.0,0.0,[26],0.004098360655737705,0.0,0.0
6,[164],0.0,0.0,"[164, 12, 207, 76, 238]",0.0,0.0,"[164, 12, 207, 76, 238, 127, 63, 87, 109, 212]",0.0,0.0,[26],0.004098360655737705,0.0,0.0
7,[164],0.0,0.0,"[164, 12, 207, 76, 238]",0.0,0.0,"[164, 12, 207, 76, 238, 127, 63, 87, 109, 212]",0.0,0.0,[26],0.004098360655737705,0.0,0.0
8,[164],0.0,0.0,"[164, 12, 207, 76, 238]",0.0,0.0,"[164, 12, 207, 76, 238, 127, 63, 87, 109, 212]",0.0,0.0,[26],0.004098360655737705,0.0,0.0
9,[164],0.0,0.0,"[164, 12, 91, 135, 121]",0.0,0.0,"[164, 12, 91, 135, 121, 241, 48, 239, 235, 81]",0.0,0.0,[36],0.004310344827586207,0.0,0.0
10,[164],0.0,0.0,"[164, 238, 34, 241, 233]",0.0,0.0,"[164, 238, 34, 241, 233, 110, 84, 239, 232, 122]",0.0,0.0,"[10, 26]",0.006155973824461985,0.0,0.0
11,[164],0.0,0.0,"[164, 12, 207, 76, 238]",0.0,0.0,"[164, 12, 207, 76, 238, 127, 63, 87, 109, 212]",0.0,0.0,[26],0.004098360655737705,0.0,0.0
12,[164],0.0,0.0,"[164, 12, 207, 76, 238]",0.0,0.0,"[164, 12, 207, 76, 238, 127, 63, 87, 109, 212]",0.0,0.0,[26],0.004098360655737705,0.0,0.0
13,[241],0.0,0.0,"[241, 164, 77, 127, 169]",0.0,0.0,"[241, 164, 77, 127, 169, 60, 76, 239, 238, 207]",0.0,0.0,[26],0.004098360655737705,0.0,0.0
14,[164],0.0,0.0,"[164, 12, 207, 76, 238]",0.0,0.0,"[164, 12, 207, 76, 238, 127, 63, 87, 109, 212]",0.0,0.0,[26],0.004098360655737705,0.0,0.0
15,[233],0.0,0.0,"[233, 196, 241, 169, 180]",0.0,0.0,"[233, 196, 241, 169, 180, 164, 121, 84, 239, 142]",0.0,0.0,"[8, 10]",0.006367478589700812,0.0,0.0
16,[164],0.0,0.0,"[164, 12, 207, 76, 238]",0.0,0.0,"[164, 12, 207, 76, 238, 127, 63, 87, 109, 212]",0.0,0.0,[26],0.004098360655737705,0.0,0.0
17,[241],0.0,0.0,"[241, 164, 77, 127, 169]",0.0,0.0,"[241, 164, 77, 127, 169, 60, 76, 239, 238, 207]",0.0,0.0,[26],0.004098360655737705,0.0,0.0
18,[164],0.0,0.0,"[164, 12, 207, 76, 238]",0.0,0.0,"[164, 12, 207, 76, 238, 127, 63, 87, 109, 212]",0.0,0.0,[26],0.004098360655737705,0.0,0.0
19,[164],0.0,0.0,"[164, 12, 207, 76, 238]",0.0,0.0,"[164, 12, 207, 76, 238, 127, 63, 87, 109, 212]",0.0,0.0,[26],0.004098360655737705,0.0,0.0
20,[164],0.0,0.0,"[164, 12, 207, 76, 238]",0.0,0.0,"[164, 12, 207, 76, 238, 127, 63, 87, 109, 212]",0.0,0.0,[26],0.004098360655737705,0.0,0.0
21,[164],0.0,0.0,"[164, 238, 34, 241, 233]",0.0,0.0,"[164, 238, 34, 241, 233, 110, 84, 239, 232, 122]",0.0,0.0,"[10, 26]",0.006155973824461985,0.0,0.0
22,[164],0.0,0.0,"[164, 238, 34, 241, 233]",0.0,0.0,"[164, 238, 34, 241, 233, 110, 84, 239, 232, 122]",0.0,0.0,"[10, 26]",0.006155973824461985,0.0,0.0
23,[164],0.0,0.0,"[164, 12, 207, 76, 238]",0.0,0.0,"[164, 12, 207, 76, 238, 127, 63, 87, 109, 212]",0.0,0.0,[26],0.004098360655737705,0.0,0.0
24,[207],0.0,0.0,"[207, 121, 77, 164, 122]",0.0,0.0,"[207, 121, 77, 164, 122, 35, 87, 64, 241, 127]",0.0,0.0,[10],0.004273504273504274,0.0,0.0
25,[164],0.0,0.0,"[164, 12, 207, 76, 238]",0.0,0.0,"[164, 12, 207, 76, 238, 127, 63, 87, 109, 212]",0.0,0.0,[26],0.004098360655737705,0.0,0.0
26,[232],0.0,0.0,"[232, 164, 207, 84, 216]",0.0,0.0,"[232, 164, 207, 84, 216, 233, 76, 199, 121, 187]",0.0,0.0,[26],0.004098360655737705,0.0,0.0
27,[233],0.0,0.0,"[233, 196, 241, 169, 180]",0.0,0.0,"[233, 196, 241, 169, 180, 164, 121, 84, 239, 142]",0.0,0.0,"[6, 26]",0.0062722736992159665,0.0,0.0
28,[164],0.0,0.0,"[164, 12, 207, 76, 238]",0.0,0.0,"[164, 12, 207, 76, 238, 127, 63, 87, 109, 212]",0.0,0.0,[26],0.004098360655737705,0.0,0.0
29,[164],0.0,0.0,"[164, 12, 207, 76, 238]",0.0,0.0,"[164, 12, 207, 76, 238, 127, 63, 87, 109, 212]",0.0,0.0,[26],0.004098360655737705,0.0,0.0
30,[164],0.0,0.0,"[164, 12, 109, 121, 173]",0.0,0.0,"[164, 12, 109, 121, 173, 86, 235, 84, 110, 239]",0.0,0.0,[26],0.004098360655737705,0.0,0.0
31,[80],0.0,0.0,"[80, 199, 238, 241, 164]",0.0,0.0,"[80, 199, 238, 241, 164, 77, 207, 169, 48, 196]",0.0,0.0,[26],0.004098360655737705,0.0,0.0
32,[164],0.0,0.0,"[164, 12, 207, 76, 238]",0.0,0.0,"[164, 12, 207, 76, 238, 127, 63, 87, 109, 212]",0.0,0.0,[26],0.004098360655737705,0.0,0.0
33,[164],0.0,0.0,"[164, 12, 207, 76, 238]",0.0,0.0,"[164, 12, 207, 76, 238, 127, 63, 87, 109, 212]",0.0,0.0,[26],0.004098360655737705,0.0,0.0
34,[233],0.0,0.0,"[233, 196, 241, 169, 180]",0.0,0.0,"[233, 196, 241, 169, 180, 164, 121, 84, 239, 142]",0.0,0.0,[5],0.0053475935828877,0.0,0.0
35,[164],0.0,0.0,"[164, 121, 12, 207, 200]",0.0,0.0,"[164, 121, 12, 207, 200, 87, 241, 239, 76, 238]",0.0,0.0,[10],0.004201680672268907,0.0,0.0
36,[164],0.0,0.0,"[164, 12, 207, 76, 238]",0.0,0.0,"[164, 12, 207, 76, 238, 127, 63, 87, 109, 212]",0.0,0.0,[26],0.004098360655737705,0.0,0.0
37,[164],0.0,0.0,"[164, 12, 207, 76, 238]",0.0,0.0,"[164, 12, 207, 76, 238, 127, 63, 87, 109, 212]",0.0,0.0,[26],0.004098360655737705,0.0,0.0
38,[233],0.0,0.0,"[233, 196, 241, 169, 180]",0.0,0.0,"[233, 196, 241, 169, 180, 164, 121, 84, 239, 142]",0.0,0.0,"[5, 26]",0.006772157447181555,0.0,0.0
39,[164],0.0,0.0,"[164, 12, 207, 76, 238]",0.0,0.0,"[164, 12, 207, 76, 238, 127, 63, 87, 109, 212]",0.0,0.0,[26],0.004098360655737705,0.0,0.0
40,[164],0.0,0.0,"[164, 12, 207, 76, 238]",0.0,0.0,"[164, 12, 207, 76, 238, 127, 63, 87, 109, 212]",0.0,0.0,[26],0.004098360655737705,0.0,0.0
41,[164],0.0,0.0,"[164, 12, 207, 76, 238]",0.0,0.0,"[164, 12, 207, 76, 238, 127, 63, 87, 109, 212]",0.0,0.0,[26],0.004098360655737705,0.0,0.0
42,[164],0.0,0.0,"[164, 12, 207, 76, 238]",0.0,0.0,"[164, 12, 207, 76, 238, 127, 63, 87, 109, 212]",0.0,0.0,[26],0.004098360655737705,0.0,0.0
43,[164],0.0,0.0,"[164, 199, 238, 235, 207]",0.0,0.0,"[164, 199, 238, 235, 207, 12, 241, 135, 76, 169]",0.0,0.0,[36],0.004166666666666667,0.0,0.0
44,[241],0.0,0.0,"[241, 164, 77, 127, 169]",0.0,0.0,"[241, 164, 77, 127, 169, 60, 76, 239, 238, 207]",0.0,0.0,[26],0.004098360655737705,0.0,0.0
45,[241],0.0,0.0,"[241, 164, 77, 127, 169]",0.0,0.0,"[241, 164, 77, 127, 169, 60, 76, 239, 238, 207]",0.0,0.0,[26],0.004098360655737705,0.0,0.0
46,[164],0.0,0.0,"[164, 199, 238, 235, 207]",0.0,0.0,"[164, 199, 238, 235, 207, 12, 241, 135, 76, 169]",0.0,0.0,[29],0.004405286343612335,0.0,0.0
47,[164],0.0,0.0,"[164, 12, 207, 76, 238]",0.0,0.0,"[164, 12, 207, 76, 238, 127, 63, 87, 109, 212]",0.0,0.0,[26],0.004098360655737705,0.0,0.0
48,[164],0.0,0.0,"[164, 238, 34, 241, 233]",0.0,0.0,"[164, 238, 34, 241, 233, 110, 84, 239, 232, 122]",0.0,0.0,"[10, 16]",0.008540005098510507,0.0,0.0
49,[241],0.0,0.0,"[241, 164, 77, 127, 169]",0.0,0.0,"[241, 164, 77, 127, 169, 60, 76, 239, 238, 207]",0.0,0.0,[26],0.004098360655737705,0.0,0.0
50,[164],0.0,0.0,"[164, 241, 207, 239, 200]",0.0,0.0,"[164, 241, 207, 239, 200, 76, 127, 240, 121, 87]",0.0,0.0,[26],0.004098360655737705,0.0,0.0
51,[164],0.0,0.0,"[164, 199, 238, 235, 207]",0.0,0.0,"[164, 199, 238, 235, 207, 12, 241, 135, 76, 169]",0.0,0.0,[36],0.004166666666666667,0.0,0.0
52,[164],0.0,0.0,"[164, 12, 207, 76, 238]",0.0,0.0,"[164, 12, 207, 76, 238, 127, 63, 87, 109, 212]",0.0,0.0,[26],0.004098360655737705,0.0,0.0
53,[164],0.0,0.0,"[164, 12, 207, 76, 238]",0.0,0.0,"[164, 12, 207, 76, 238, 127, 63, 87, 109, 212]",0.0,0.0,[26],0.004098360655737705,0.0,0.0
54,[233],0.0,0.0,"[233, 196, 241, 169, 180]",0.0,0.0,"[233, 196, 241, 169, 180, 164, 121, 84, 239, 142]",0.0,0.0,[26],0.004098360655737705,0.0,0.0
55,[233],0.0,0.0,"[233, 196, 241, 169, 180]",0.0,0.0,"[233, 196, 241, 169, 180, 164, 121, 84, 239, 142]",0.0,0.0,"[26, 27]",0.0061904108649427254,0.0,0.0
56,[241],0.0,0.0,"[241, 231, 240, 121, 62]",0.0,0.0,"[241, 231, 240, 121, 62, 109, 90, 169, 142, 85]",0.0,0.0,[30],0.004273504273504274,0.0,0.0
57,[233],0.0,0.0,"[233, 196, 241, 169, 180]",0.0,0.0,"[233, 196, 241, 169, 180, 164, 121, 84, 239, 142]",0.0,0.0,[9],0.004329004329004329,0.0,0.0
58,[241],0.0,0.0,"[241, 164, 233, 239, 237]",0.0,0.0,"[241, 164, 233, 239, 237, 61, 135, 240, 84, 121]",0.0,0.0,"[6, 8, 9]",0.009282232638206704,0.0,0.0
59,[239],0.0,0.0,"[239, 164, 233, 241, 135]",0.0,0.0,"[239, 164, 233, 241, 135, 121, 169, 142, 218, 84]",0.0,0.0,"[8, 10]",0.006387953610175833,0.0,0.0
60,[241],0.0,0.0,"[241, 77, 199, 164, 207]",0.0,0.0,"[241, 77, 199, 164, 207, 81, 12, 169, 64, 187]",0.0,0.0,[30],0.004201680672268907,0.0,0.0
61,[164],0.0,0.0,"[164, 12, 207, 76, 238]",0.0,0.0,"[164, 12, 207, 76, 238, 127, 63, 87, 109, 212]",0.0,0.0,[26],0.004098360655737705,0.0,0.0
62,[233],0.0,0.0,"[233, 196, 241, 169, 180]",0.0,0.0,"[233, 196, 241, 169, 180, 164, 121, 84, 239, 142]",0.0,0.0,[26],0.004098360655737705,0.0,0.0
63,[164],0.0,0.0,"[164, 12, 207, 76, 238]",0.0,0.0,"[164, 12, 207, 76, 238, 127, 63, 87, 109, 212]",0.0,0.0,[26],0.004098360655737705,0.0,0.0
64,[241],0.0,0.0,"[241, 207, 199, 231, 164]",0.0,0.0,"[241, 207, 199, 231, 164, 12, 121, 240, 142, 109]",0.0,0.0,[33],0.0041841004184100415,0.0,0.0
65,[231],0.0,0.0,"[231, 12, 199, 164, 81]",0.0,0.0,"[231, 12, 199, 164, 81, 165, 240, 142, 207, 244]",0.0,0.0,[30],0.004219409282700422,0.0,0.0
66,[164],0.0,0.0,"[164, 12, 207, 76, 238]",0.0,0.0,"[164, 12, 207, 76, 238, 127, 63, 87, 109, 212]",0.0,0.0,[26],0.004098360655737705,0.0,0.0
67,[233],0.0,0.0,"[233, 196, 241, 169, 180]",0.0,0.0,"[233, 196, 241, 169, 180, 164, 121, 84, 239, 142]",0.0,0.0,[7],0.0045662100456621,0.0,0.0
68,[241],0.0,0.0,"[241, 164, 233, 239, 237]",0.0,0.0,"[241, 164, 233, 239, 237, 61, 135, 240, 84, 121]",0.0,0.0,"[6, 26]",0.006371087928464978,0.0,0.0
69,[200],0.0,0.0,"[200, 121, 164, 239, 207]",0.0,0.0,"[200, 121, 164, 239, 207, 241, 233, 35, 209, 76]",0.0,0.0,[26],0.004098360655737705,0.0,0.0
70,[241],0.0,0.0,"[241, 109, 142, 231, 12]",0.0,0.0,"[241, 109, 142, 231, 12, 207, 240, 232, 164, 209]",0.0,0.0,[26],0.004098360655737705,0.0,0.0
71,[164],0.0,0.0,"[164, 91, 76, 209, 86]",0.0,0.0,"[164, 91, 76, 209, 86, 239, 238, 233, 87, 121]",0.0,0.0,[26],0.004098360655737705,0.0,0.0
72,[164],0.0,0.0,"[164, 241, 207, 239, 200]",0.0,0.0,"[164, 241, 207, 239, 200, 76, 127, 240, 121, 87]",0.0,0.0,[26],0.004098360655737705,0.0,0.0
73,[164],0.0,0.0,"[164, 12, 207, 76, 238]",0.0,0.0,"[164, 12, 207, 76, 238, 127, 63, 87, 109, 212]",0.0,0.0,[26],0.004098360655737705,0.0,0.0
74,[232],0.0,0.0,"[232, 164, 207, 84, 216]",0.0,0.0,"[232, 164, 207, 84, 216, 233, 76, 199, 121, 187]",0.0,0.0,[26],0.004098360655737705,0.0,0.0
75,[232],0.0,0.0,"[232, 164, 207, 84, 216]",0.0,0.0,"[232, 164, 207, 84, 216, 233, 76, 199, 121, 187]",0.0,0.0,[26],0.004098360655737705,0.0,0.0
76,[164],0.0,0.0,"[164, 12, 207, 76, 238]",0.0,0.0,"[164, 12, 207, 76, 238, 127, 63, 87, 109, 212]",0.0,0.0,[26],0.004098360655737705,0.0,0.0
77,[164],0.0,0.0,"[164, 12, 207, 76, 238]",0.0,0.0,"[164, 12, 207, 76, 238, 127, 63, 87, 109, 212]",0.0,0.0,[26],0.004098360655737705,0.0,0.0
78,[164],0.0,0.0,"[164, 12, 207, 76, 238]",0.0,0.0,"[164, 12, 207, 76, 238, 127, 63, 87, 109, 212]",0.0,0.0,[26],0.004098360655737705,0.0,0.0
79,[241],0.0,0.0,"[241, 164, 48, 121, 239]",0.0,0.0,"[241, 164, 48, 121, 239, 77, 12, 207, 109, 142]",0.0,0.0,[36],0.004132231404958678,0.0,0.0
80,[164],0.0,0.0,"[164, 12, 207, 76, 238]",0.0,0.0,"[164, 12, 207, 76, 238, 127, 63, 87, 109, 212]",0.0,0.0,[26],0.004098360655737705,0.0,0.0
81,[233],0.0,0.0,"[233, 196, 241, 169, 180]",0.0,0.0,"[233, 196, 241, 169, 180, 164, 121, 84, 239, 142]",0.0,0.0,"[9, 26]",0.00626286282023987,0.0,0.0
82,[241],0.0,0.0,"[241, 164, 233, 239, 237]",0.0,0.0,"[241, 164, 233, 239, 237, 61, 135, 240, 84, 121]",0.0,0.0,"[8, 10, 26]",0.008874365205906664,0.0,0.0
83,[164],0.0,0.0,"[164, 12, 207, 76, 238]",0.0,0.0,"[164, 12, 207, 76, 238, 127, 63, 87, 109, 212]",0.0,0.0,[26],0.004098360655737705,0.0,0.0
84,[164],0.0,0.0,"[164, 12, 207, 76, 238]",0.0,0.0,"[164, 12, 207, 76, 238, 127, 63, 87, 109, 212]",0.0,0.0,[26],0.004098360655737705,0.0,0.0
85,[164],0.0,0.0,"[164, 12, 207, 76, 238]",0.0,0.0,"[164, 12, 207, 76, 238, 127, 63, 87, 109, 212]",0.0,0.0,[26],0.004098360655737705,0.0,0.0
86,[233],0.0,0.0,"[233, 196, 241, 169, 180]",0.0,0.0,"[233, 196, 241, 169, 180, 164, 121, 84, 239, 142]",0.0,0.0,"[7, 13]",0.007456383456066725,0.0,0.0
87,[233],0.0,0.0,"[233, 196, 241, 169, 180]",0.0,0.0,"[233, 196, 241, 169, 180, 164, 121, 84, 239, 142]",0.0,0.0,[5],0.0053475935828877,0.0,0.0
88,[232],0.0,0.0,"[232, 164, 207, 84, 216]",0.0,0.0,"[232, 164, 207, 84, 216, 233, 76, 199, 121, 187]",0.0,0.0,[26],0.004098360655737705,0.0,0.0
89,[232],0.0,0.0,"[232, 164, 207, 84, 216]",0.0,0.0,"[232, 164, 207, 84, 216, 233, 76, 199, 121, 187]",0.0,0.0,[26],0.004098360655737705,0.0,0.0
90,[164],0.0,0.0,"[164, 12, 207, 76, 238]",0.0,0.0,"[164, 12, 207, 76, 238, 127, 63, 87, 109, 212]",0.0,0.0,[26],0.004098360655737705,0.0,0.0
91,[164],0.0,0.0,"[164, 12, 207, 76, 238]",0.0,0.0,"[164, 12, 207, 76, 238, 127, 63, 87, 109, 212]",0.0,0.0,[26],0.004098360655737705,0.0,0.0
92,[164],0.0,0.0,"[164, 12, 207, 76, 238]",0.0,0.0,"[164, 12, 207, 76, 238, 127, 63, 87, 109, 212]",0.0,0.0,[26],0.004098360655737705,0.0,0.0
93,[233],0.0,0.0,"[233, 196, 241, 169, 180]",0.0,0.0,"[233, 196, 241, 169, 180, 164, 121, 84, 239, 142]",0.0,0.0,"[10, 26]",0.006155973824461985,0.0,0.0
94,[164],0.0,0.0,"[164, 238, 34, 241, 233]",0.0,0.0,"[164, 238, 34, 241, 233, 110, 84, 239, 232, 122]",0.0,0.0,"[10, 26]",0.006155973824461985,0.0,0.0
95,[233],0.0,0.0,"[233, 196, 241, 169, 180]",0.0,0.0,"[233, 196, 241, 169, 180, 164, 121, 84, 239, 142]",0.0,0.0,"[10, 26]",0.006155973824461985,0.0,0.0
96,[233],0.0,0.0,"[233, 196, 241, 169, 180]",0.0,0.0,"[233, 196, 241, 169, 180, 164, 121, 84, 239, 142]",0.0,0.0,"[10, 26]",0.006155973824461985,0.0,0.0
97,[232],0.0,0.0,"[232, 164, 207, 84, 216]",0.0,0.0,"[232, 164, 207, 84, 216, 233, 76, 199, 121, 187]",0.0,0.0,[26],0.004098360655737705,0.0,0.0
98,[241],0.0,0.0,"[241, 164, 77, 127, 169]",0.0,0.0,"[241, 164, 77, 127, 169, 60, 76, 239, 238, 207]",0.0,0.0,[26],0.004098360655737705,0.0,0.0
99,[241],0.0,0.0,"[241, 164, 77, 127, 169]",0.0,0.0,"[241, 164, 77, 127, 169, 60, 76, 239, 238, 207]",0.0,0.0,[26],0.004098360655737705,0.0,0.0
100,[241],0.0,0.0,"[241, 164, 233, 239, 237]",0.0,0.0,"[241, 164, 233, 239, 237, 61, 135, 240, 84, 121]",0.0,0.0,"[6, 9, 26]",0.008426451692689501,0.0,0.0
101,[164],0.0,0.0,"[164, 12, 207, 76, 238]",0.0,0.0,"[164, 12, 207, 76, 238, 127, 63, 87, 109, 212]",0.0,0.0,[26],0.004098360655737705,0.0,0.0
102,[164],0.0,0.0,"[164, 12, 207, 76, 238]",0.0,0.0,"[164, 12, 207, 76, 238, 127, 63, 87, 109, 212]",0.0,0.0,[26],0.004098360655737705,0.0,0.0
103,[164],0.0,0.0,"[164, 121, 238, 180, 199]",0.0,0.0,"[164, 121, 238, 180, 199, 63, 12, 127, 76, 178]",0.0,0.0,[31],0.004524886877828055,0.0,0.0
104,[164],0.0,0.0,"[164, 121, 241, 180, 238]",0.0,0.0,"[164, 121, 241, 180, 238, 127, 233, 35, 76, 87]",0.0,0.0,[26],0.004098360655737705,0.0,0.0
105,[164],0.0,0.0,"[164, 12, 207, 76, 238]",0.0,0.0,"[164, 12, 207, 76, 238, 127, 63, 87, 109, 212]",0.0,0.0,[26],0.004098360655737705,0.0,0.0
106,[233],0.0,0.0,"[233, 164, 76, 238, 12]",0.0,0.0,"[233, 164, 76, 238, 12, 90, 87, 91, 209, 86]",0.0,0.0,[26],0.004098360655737705,0.0,0.0
107,[164],0.0,0.0,"[164, 12, 121, 238, 76]",0.0,0.0,"[164, 12, 121, 238, 76, 87, 207, 63, 86, 231]",0.0,0.0,[26],0.004098360655737705,0.0,0.0
108,[164],0.0,0.0,"[164, 12, 207, 76, 238]",0.0,0.0,"[164, 12, 207, 76, 238, 127, 63, 87, 109, 212]",0.0,0.0,[26],0.004098360655737705,0.0,0.0
109,[164],0.0,0.0,"[164, 12, 207, 76, 238]",0.0,0.0,"[164, 12, 207, 76, 238, 127, 63, 87, 109, 212]",0.0,0.0,[26],0.004098360655737705,0.0,0.0
110,[164],0.0,0.0,"[164, 12, 207, 76, 238]",0.0,0.0,"[164, 12, 207, 76, 238, 127, 63, 87, 109, 212]",0.0,0.0,[26],0.004098360655737705,0.0,0.0
111,[76],0.0,0.0,"[76, 233, 12, 164, 167]",0.0,0.0,"[76, 233, 12, 164, 167, 207, 84, 169, 238, 142]",0.0,0.0,[26],0.004098360655737705,0.0,0.0
112,[241],0.0,0.0,"[241, 164, 77, 127, 169]",0.0,0.0,"[241, 164, 77, 127, 169, 60, 76, 239, 238, 207]",0.0,0.0,[26],0.004098360655737705,0.0,0.0
113,[233],0.0,0.0,"[233, 196, 241, 169, 180]",0.0,0.0,"[233, 196, 241, 169, 180, 164, 121, 84, 239, 142]",0.0,0.0,"[8, 10]",0.006367478589700812,0.0,0.0
114,[199],0.0,0.0,"[199, 135, 187, 121, 235]",0.0,0.0,"[199, 135, 187, 121, 235, 241, 12, 142, 207, 81]",0.0,0.0,[30],0.004273504273504274,0.0,0.0
115,[164],0.0,0.0,"[164, 12, 207, 76, 238]",0.0,0.0,"[164, 12, 207, 76, 238, 127, 63, 87, 109, 212]",0.0,0.0,[26],0.004098360655737705,0.0,0.0
116,[164],0.0,0.0,"[164, 12, 207, 76, 238]",0.0,0.0,"[164, 12, 207, 76, 238, 127, 63, 87, 109, 212]",0.0,0.0,[26],0.004098360655737705,0.0,0.0
117,[241],0.0,0.0,"[241, 164, 233, 239, 237]",0.0,0.0,"[241, 164, 233, 239, 237, 61, 135, 240, 84, 121]",0.0,0.0,"[18, 26]",0.006217004723534316,0.0,0.0
118,[164],0.0,0.0,"[164, 12, 207, 76, 238]",0.0,0.0,"[164, 12, 207, 76, 238, 127, 63, 87, 109, 212]",0.0,0.0,[26],0.004098360655737705,0.0,0.0
119,[169],0.0,0.0,"[169, 231, 142, 91, 12]",0.0,0.0,"[169, 231, 142, 91, 12, 109, 240, 209, 241, 99]",0.0,0.0,[26],0.004098360655737705,0.0,0.0
120,[239],0.0,0.0,"[239, 164, 233, 241, 135]",0.0,0.0,"[239, 164, 233, 241, 135, 121, 169, 142, 218, 84]",0.0,0.0,"[26, 30]",0.006181693989071039,0.0,0.0
121,[164],0.0,0.0,"[164, 199, 238, 235, 207]",0.0,0.0,"[164, 199, 238, 235, 207, 12, 241, 135, 76, 169]",0.0,0.0,[33],0.004291845493562232,0.0,0.0
122,[164],0.0,0.0,"[164, 241, 207, 239, 200]",0.0,0.0,"[164, 241, 207, 239, 200, 76, 127, 240, 121, 87]",0.0,0.0,[26],0.004098360655737705,0.0,0.0
123,[231],0.0,0.0,"[231, 75, 12, 67, 76]",0.0,0.0,"[231, 75, 12, 67, 76, 142, 86, 199, 235, 81]",0.0,0.0,[30],0.004149377593360996,0.0,0.0
124,[164],0.0,0.0,"[164, 207, 76, 199, 12]",0.0,0.0,"[164, 207, 76, 199, 12, 121, 240, 235, 239, 241]",0.0,0.0,[26],0.004098360655737705,0.0,0.0
125,[164],0.0,0.0,"[164, 12, 207, 76, 238]",0.0,0.0,"[164, 12, 207, 76, 238, 127, 63, 87, 109, 212]",0.0,0.0,[26],0.004098360655737705,0.0,0.0
126,[77],0.0,0.0,"[77, 91, 207, 238, 48]",0.0,0.0,"[77, 91, 207, 238, 48, 164, 142, 169, 231, 87]",0.0,0.0,[26],0.004098360655737705,0.0,0.0
127,[233],0.0,0.0,"[233, 196, 241, 169, 180]",0.0,0.0,"[233, 196, 241, 169, 180, 164, 121, 84, 239, 142]",0.0,0.0,[10],0.00411522633744856,0.0,0.0
128,[231],0.0,0.0,"[231, 35, 207, 77, 109]",0.0,0.0,"[231, 35, 207, 77, 109, 121, 164, 209, 199, 169]",0.0,0.0,[30],0.004201680672268907,0.0,0.0
129,[121],0.0,0.0,"[121, 241, 85, 169, 173]",0.0,0.0,"[121, 241, 85, 169, 173, 76, 142, 78, 62, 114]",0.0,0.0,[26],0.004166666666666667,0.0,0.0
130,[164],0.0,0.0,"[164, 241, 207, 239, 200]",0.0,0.0,"[164, 241, 207, 239, 200, 76, 127, 240, 121, 87]",0.0,0.0,[26],0.004098360655737705,0.0,0.0
131,[232],0.0,0.0,"[232, 164, 207, 84, 216]",0.0,0.0,"[232, 164, 207, 84, 216, 233, 76, 199, 121, 187]",0.0,0.0,[26],0.004098360655737705,0.0,0.0
132,[241],0.0,0.0,"[241, 164, 233, 239, 237]",0.0,0.0,"[241, 164, 233, 239, 237, 61, 135, 240, 84, 121]",0.0,0.0,"[7, 10]",0.0061899151341290575,0.0,0.0
133,[241],0.0,0.0,"[241, 108, 77, 213, 199]",0.0,0.0,"[241, 108, 77, 213, 199, 109, 207, 240, 121, 99]",0.0,0.0,[26],0.004098360655737705,0.0,0.0
134,[164],0.0,0.0,"[164, 12, 207, 76, 238]",0.0,0.0,"[164, 12, 207, 76, 238, 127, 63, 87, 109, 212]",0.0,0.0,[26],0.004098360655737705,0.0,0.0
135,[233],0.0,0.0,"[233, 196, 241, 169, 180]",0.0,0.0,"[233, 196, 241, 169, 180, 164, 121, 84, 239, 142]",0.0,0.0,[26],0.004098360655737705,0.0,0.0
136,[12],0.0,0.0,"[12, 241, 235, 239, 84]",0.0,0.0,"[12, 241, 235, 239, 84, 187, 121, 109, 233, 86]",0.0,0.0,[36],0.00411522633744856,0.0,0.0
137,[239],0.0,0.0,"[239, 241, 142, 77, 207]",0.0,0.0,"[239, 241, 142, 77, 207, 146, 121, 178, 12, 109]",0.0,0.0,[28],0.004166666666666667,0.0,0.0
138,[231],0.0,0.0,"[231, 121, 109, 12, 178]",0.0,0.0,"[231, 121, 109, 12, 178, 62, 212, 91, 86, 219]",0.0,0.0,[36],0.004132231404958678,0.0,0.0
139,[164],0.0,0.0,"[164, 12, 207, 76, 238]",0.0,0.0,"[164, 12, 207, 76, 238, 127, 63, 87, 109, 212]",0.0,0.0,[26],0.004098360655737705,0.0,0.0
140,[241],0.0,0.0,"[241, 109, 121, 12, 239]",0.0,0.0,"[241, 109, 121, 12, 239, 164, 142, 77, 78, 178]",0.0,0.0,[36],0.004098360655737705,0.0,0.0
141,[164],0.0,0.0,"[164, 12, 207, 76, 238]",0.0,0.0,"[164, 12, 207, 76, 238, 127, 63, 87, 109, 212]",0.0,0.0,[26],0.004098360655737705,0.0,0.0
142,[121],0.0,0.0,"[121, 114, 146, 231, 85]",0.0,0.0,"[121, 114, 146, 231, 85, 86, 116, 48, 21, 91]",0.0,0.0,[26],0.004098360655737705,0.0,0.0
143,[232],0.0,0.0,"[232, 164, 207, 84, 216]",0.0,0.0,"[232, 164, 207, 84, 216, 233, 76, 199, 121, 187]",0.0,0.0,[26],0.004098360655737705,0.0,0.0
144,[164],0.0,0.0,"[164, 12, 207, 76, 238]",0.0,0.0,"[164, 12, 207, 76, 238, 127, 63, 87, 109, 212]",0.0,0.0,[26],0.004098360655737705,0.0,0.0
145,[164],0.0,0.0,"[164, 12, 207, 76, 238]",0.0,0.0,"[164, 12, 207, 76, 238, 127, 63, 87, 109, 212]",0.0,0.0,[26],0.004098360655737705,0.0,0.0
146,[241],0.0,0.0,"[241, 77, 109, 169, 239]",0.0,0.0,"[241, 77, 109, 169, 239, 121, 64, 196, 230, 133]",0.0,0.0,[35],0.010638297872340425,0.0,0.0
147,[164],0.0,0.0,"[164, 207, 76, 199, 12]",0.0,0.0,"[164, 207, 76, 199, 12, 121, 240, 235, 239, 241]",0.0,0.0,[26],0.004098360655737705,0.0,0.0
148,[164],0.0,0.0,"[164, 241, 207, 239, 200]",0.0,0.0,"[164, 241, 207, 239, 200, 76, 127, 240, 121, 87]",0.0,0.0,[26],0.004098360655737705,0.0,0.0
149,[241],0.0,0.0,"[241, 77, 240, 207, 133]",0.0,0.0,"[241, 77, 240, 207, 133, 196, 146, 238, 169, 164]",0.0,0.0,[26],0.004098360655737705,0.0,0.0
150,[164],0.0,0.0,"[164, 207, 76, 199, 12]",0.0,0.0,"[164, 207, 76, 199, 12, 121, 240, 235, 239, 241]",0.0,0.0,[26],0.004098360655737705,0.0,0.0
151,[231],0.0,0.0,"[231, 121, 109, 12, 178]",0.0,0.0,"[231, 121, 109, 12, 178, 62, 212, 91, 86, 219]",0.0,0.0,[36],0.004132231404958678,0.0,0.0
152,[241],0.0,0.0,"[241, 164, 233, 239, 237]",0.0,0.0,"[241, 164, 233, 239, 237, 61, 135, 240, 84, 121]",0.0,0.0,"[9, 10, 26]",0.008248314641603553,0.0,0.0
153,[164],0.0,0.0,"[164, 207, 76, 199, 12]",0.0,0.0,"[164, 207, 76, 199, 12, 121, 240, 235, 239, 241]",0.0,0.0,[26],0.004098360655737705,0.0,0.0
154,[164],0.0,0.0,"[164, 12, 207, 76, 238]",0.0,0.0,"[164, 12, 207, 76, 238, 127, 63, 87, 109, 212]",0.0,0.0,[26],0.004098360655737705,0.0,0.0
155,[231],0.0,0.0,"[231, 121, 109, 12, 178]",0.0,0.0,"[231, 121, 109, 12, 178, 62, 212, 91, 86, 219]",0.0,0.0,[36],0.004132231404958678,0.0,0.0
156,[164],0.0,0.0,"[164, 121, 12, 207, 200]",0.0,0.0,"[164, 121, 12, 207, 200, 87, 241, 239, 76, 238]",0.0,0.0,[26],0.004098360655737705,0.0,0.0
157,[231],0.0,0.0,"[231, 121, 109, 12, 178]",0.0,0.0,"[231, 121, 109, 12, 178, 62, 212, 91, 86, 219]",0.0,0.0,[36],0.004132231404958678,0.0,0.0
158,[109],0.0,0.0,"[109, 231, 142, 128, 12]",0.0,0.0,"[109, 231, 142, 128, 12, 199, 121, 207, 169, 81]",0.0,0.0,[30],0.004201680672268907,0.0,0.0
159,[164],0.0,0.0,"[164, 12, 207, 76, 238]",0.0,0.0,"[164, 12, 207, 76, 238, 127, 63, 87, 109, 212]",0.0,0.0,[26],0.004098360655737705,0.0,0.0
160,[232],0.0,0.0,"[232, 164, 207, 84, 216]",0.0,0.0,"[232, 164, 207, 84, 216, 233, 76, 199, 121, 187]",0.0,0.0,[26],0.004098360655737705,0.0,0.0
161,[241],0.0,0.0,"[241, 164, 233, 239, 237]",0.0,0.0,"[241, 164, 233, 239, 237, 61, 135, 240, 84, 121]",0.0,0.0,"[9, 26]",0.0062080652970879155,0.0,0.0
162,[241],0.0,0.0,"[241, 164, 77, 127, 169]",0.0,0.0,"[241, 164, 77, 127, 169, 60, 76, 239, 238, 207]",0.0,0.0,[26],0.004098360655737705,0.0,0.0
163,[164],0.0,0.0,"[164, 12, 207, 76, 238]",0.0,0.0,"[164, 12, 207, 76, 238, 127, 63, 87, 109, 212]",0.0,0.0,[26],0.004098360655737705,0.0,0.0
164,[164],0.0,0.0,"[164, 241, 207, 239, 200]",0.0,0.0,"[164, 241, 207, 239, 200, 76, 127, 240, 121, 87]",0.0,0.0,[26],0.004098360655737705,0.0,0.0
165,[164],0.0,0.0,"[164, 12, 207, 76, 238]",0.0,0.0,"[164, 12, 207, 76, 238, 127, 63, 87, 109, 212]",0.0,0.0,[26],0.004098360655737705,0.0,0.0
166,[232],0.0,0.0,"[232, 164, 207, 84, 216]",0.0,0.0,"[232, 164, 207, 84, 216, 233, 76, 199, 121, 187]",0.0,0.0,[26],0.004098360655737705,0.0,0.0
167,[121],0.0,0.0,"[121, 241, 60, 77, 109]",0.0,0.0,"[121, 241, 60, 77, 109, 142, 239, 85, 76, 240]",0.0,0.0,[26],0.004098360655737705,0.0,0.0
168,[164],0.0,0.0,"[164, 12, 207, 76, 238]",0.0,0.0,"[164, 12, 207, 76, 238, 127, 63, 87, 109, 212]",0.0,0.0,[26],0.004098360655737705,0.0,0.0
169,[164],0.0,0.0,"[164, 12, 207, 76, 238]",0.0,0.0,"[164, 12, 207, 76, 238, 127, 63, 87, 109, 212]",0.0,0.0,[26],0.004098360655737705,0.0,0.0
170,[241],0.0,0.0,"[241, 164, 77, 127, 169]",0.0,0.0,"[241, 164, 77, 127, 169, 60, 76, 239, 238, 207]",0.0,0.0,[26],0.004098360655737705,0.0,0.0
171,[232],0.0,0.0,"[232, 164, 207, 84, 216]",0.0,0.0,"[232, 164, 207, 84, 216, 233, 76, 199, 121, 187]",0.0,0.0,[26],0.004098360655737705,0.0,0.0
172,[241],0.0,0.0,"[241, 164, 233, 169, 121]",0.0,0.0,"[241, 164, 233, 169, 121, 239, 86, 238, 235, 240]",0.0,0.0,[8],0.005952380952380952,0.0,0.0
173,[233],0.0,0.0,"[233, 76, 164, 238, 66]",0.0,0.0,"[233, 76, 164, 238, 66, 209, 12, 241, 234, 84]",0.0,0.0,[26],0.004098360655737705,0.0,0.0
174,[241],0.0,0.0,"[241, 239, 237, 232, 233]",0.0,0.0,"[241, 239, 237, 232, 233, 238, 122, 121, 240, 131]",0.0,0.0,"[7, 9, 26]",0.008259651353276965,0.0,0.0
175,[164],0.0,0.0,"[164, 12, 207, 76, 238]",0.0,0.0,"[164, 12, 207, 76, 238, 127, 63, 87, 109, 212]",0.0,0.0,[26],0.004098360655737705,0.0,0.0
176,[241],0.0,0.0,"[241, 164, 233, 169, 121]",0.0,0.0,"[241, 164, 233, 169, 121, 239, 86, 238, 235, 240]",0.0,0.0,[26],0.004098360655737705,0.0,0.0
177,[241],0.0,0.0,"[241, 164, 233, 169, 121]",0.0,0.0,"[241, 164, 233, 169, 121, 239, 86, 238, 235, 240]",0.0,0.0,[26],0.004098360655737705,0.0,0.0
178,[164],0.0,0.0,"[164, 121, 12, 207, 200]",0.0,0.0,"[164, 121, 12, 207, 200, 87, 241, 239, 76, 238]",0.0,0.0,[10],0.004201680672268907,0.0,0.0
179,[241],0.0,0.0,"[241, 164, 233, 169, 121]",0.0,0.0,"[241, 164, 233, 169, 121, 239, 86, 238, 235, 240]",0.0,0.0,[26],0.004098360655737705,0.0,0.0
180,[241],0.0,0.0,"[241, 164, 233, 169, 121]",0.0,0.0,"[241, 164, 233, 169, 121, 239, 86, 238, 235, 240]",0.0,0.0,[26],0.004098360655737705,0.0,0.0
181,[164],0.0,0.0,"[164, 233, 61, 19, 84]",0.0,0.0,"[164, 233, 61, 19, 84, 216, 174, 239, 238, 87]",0.0,0.0,"[10, 26]",0.006155973824461985,0.0,0.0
182,[241],0.0,0.0,"[241, 239, 237, 232, 233]",0.0,0.0,"[241, 239, 237, 232, 233, 238, 122, 121, 240, 131]",0.0,0.0,"[9, 26]",0.006164476358217044,0.0,0.0
183,[164],0.0,0.0,"[164, 76, 169, 60, 241]",0.0,0.0,"[164, 76, 169, 60, 241, 91, 102, 127, 142, 207]",0.0,0.0,[26],0.004098360655737705,0.0,0.0
184,[241],0.0,0.0,"[241, 239, 237, 232, 233]",0.0,0.0,"[241, 239, 237, 232, 233, 238, 122, 121, 240, 131]",0.0,0.0,"[9, 26]",0.006164476358217044,0.0,0.0
185,[241],0.0,0.0,"[241, 239, 237, 232, 233]",0.0,0.0,"[241, 239, 237, 232, 233, 238, 122, 121, 240, 131]",0.0,0.0,"[9, 26]",0.006164476358217044,0.0,0.0
186,[241],0.0,0.0,"[241, 164, 233, 169, 121]",0.0,0.0,"[241, 164, 233, 169, 121, 239, 86, 238, 235, 240]",0.0,0.0,"[10, 26]",0.006155973824461985,0.0,0.0
187,[241],0.0,0.0,"[241, 239, 237, 232, 233]",0.0,0.0,"[241, 239, 237, 232, 233, 238, 122, 121, 240, 131]",0.0,0.0,"[7, 9, 26]",0.008259651353276965,0.0,0.0
188,[241],0.0,0.0,"[241, 164, 233, 169, 121]",0.0,0.0,"[241, 164, 233, 169, 121, 239, 86, 238, 235, 240]",0.0,0.0,[18],0.004149377593360996,0.0,0.0
189,[164],0.0,0.0,"[164, 12, 207, 76, 238]",0.0,0.0,"[164, 12, 207, 76, 238, 127, 63, 87, 109, 212]",0.0,0.0,[26],0.004098360655737705,0.0,0.0
190,[241],0.0,0.0,"[241, 164, 233, 169, 121]",0.0,0.0,"[241, 164, 233, 169, 121, 239, 86, 238, 235, 240]",0.0,0.0,"[17, 18]",0.006530329974313377,0.0,0.0
191,[241],0.0,0.0,"[241, 164, 233, 169, 121]",0.0,0.0,"[241, 164, 233, 169, 121, 239, 86, 238, 235, 240]",0.0,0.0,[18],0.004149377593360996,0.0,0.0
192,[164],0.0,0.0,"[164, 12, 207, 76, 238]",0.0,0.0,"[164, 12, 207, 76, 238, 127, 63, 87, 109, 212]",0.0,0.0,[26],0.004098360655737705,0.0,0.0
193,[164],0.0,0.0,"[164, 12, 207, 76, 238]",0.0,0.0,"[164, 12, 207, 76, 238, 127, 63, 87, 109, 212]",0.0,0.0,[26],0.004098360655737705,0.0,0.0
194,[241],0.0,0.0,"[241, 239, 237, 232, 233]",0.0,0.0,"[241, 239, 237, 232, 233, 238, 122, 121, 240, 131]",0.0,0.0,"[7, 9, 26]",0.008259651353276965,0.0,0.0
195,[164],0.0,0.0,"[164, 121, 12, 207, 200]",0.0,0.0,"[164, 121, 12, 207, 200, 87, 241, 239, 76, 238]",0.0,0.0,[26],0.004098360655737705,0.0,0.0
196,[241],0.0,0.0,"[241, 146, 164, 83, 12]",0.0,0.0,"[241, 146, 164, 83, 12, 207, 244, 135, 233, 238]",0.0,0.0,"[18, 26]",0.006181693989071039,0.0,0.0
197,[241],0.0,0.0,"[241, 164, 233, 169, 121]",0.0,0.0,"[241, 164, 233, 169, 121, 239, 86, 238, 235, 240]",0.0,0.0,[18],0.004149377593360996,0.0,0.0
198,[241],0.0,0.0,"[241, 239, 233, 164, 169]",0.0,0.0,"[241, 239, 233, 164, 169, 238, 121, 232, 237, 196]",0.0,0.0,"[19, 20, 36]",0.012568361472467574,0.0,0.0
199,[241],0.0,0.0,"[241, 164, 233, 169, 121]",0.0,0.0,"[241, 164, 233, 169, 121, 239, 86, 238, 235, 240]",0.0,0.0,[18],0.004149377593360996,0.0,0.0
200,[241],0.0,0.0,"[241, 164, 233, 169, 121]",0.0,0.0,"[241, 164, 233, 169, 121, 239, 86, 238, 235, 240]",0.0,0.0,[18],0.004149377593360996,0.0,0.0
201,[164],0.0,0.0,"[164, 12, 241, 240, 239]",0.0,0.0,"[164, 12, 241, 240, 239, 109, 121, 142, 207, 87]",0.0,0.0,[26],0.004098360655737705,0.0,0.0
202,[241],0.0,0.0,"[241, 164, 233, 169, 121]",0.0,0.0,"[241, 164, 233, 169, 121, 239, 86, 238, 235, 240]",0.0,0.0,[26],0.004098360655737705,0.0,0.0
203,[241],0.0,0.0,"[241, 164, 233, 169, 121]",0.0,0.0,"[241, 164, 233, 169, 121, 239, 86, 238, 235, 240]",0.0,0.0,[26],0.004098360655737705,0.0,0.0
204,[241],0.0,0.0,"[241, 239, 237, 232, 233]",0.0,0.0,"[241, 239, 237, 232, 233, 238, 122, 121, 240, 131]",0.0,0.0,"[18, 36]",0.006241427802566016,0.0,0.0
205,[241],0.0,0.0,"[241, 164, 233, 169, 121]",0.0,0.0,"[241, 164, 233, 169, 121, 239, 86, 238, 235, 240]",0.0,0.0,[26],0.004098360655737705,0.0,0.0
206,[241],0.0,0.0,"[241, 239, 237, 232, 233]",0.0,0.0,"[241, 239, 237, 232, 233, 238, 122, 121, 240, 131]",0.0,0.0,"[7, 36]",0.006293805059760252,0.0,0.0
207,[241],0.0,0.0,"[241, 146, 164, 83, 12]",0.0,0.0,"[241, 146, 164, 83, 12, 207, 244, 135, 233, 238]",0.0,0.0,"[18, 26]",0.006181693989071039,0.0,0.0
208,[238],0.0,0.0,"[238, 233, 241, 164, 83]",0.0,0.0,"[238, 233, 241, 164, 83, 19, 207, 244, 169, 199]",0.0,0.0,"[10, 26]",0.006164476358217044,0.0,0.0
209,[241],0.0,0.0,"[241, 164, 233, 169, 121]",0.0,0.0,"[241, 164, 233, 169, 121, 239, 86, 238, 235, 240]",0.0,0.0,[26],0.004098360655737705,0.0,0.0
210,[241],0.0,0.0,"[241, 239, 237, 232, 233]",0.0,0.0,"[241, 239, 237, 232, 233, 238, 122, 121, 240, 131]",0.0,0.0,"[9, 18, 26]",0.008236307456830488,0.0,0.0
211,[241],0.0,0.0,"[241, 164, 233, 169, 121]",0.0,0.0,"[241, 164, 233, 169, 121, 239, 86, 238, 235, 240]",0.0,0.0,[26],0.004098360655737705,0.0,0.0
212,[164],0.0,0.0,"[164, 12, 207, 76, 238]",0.0,0.0,"[164, 12, 207, 76, 238, 127, 63, 87, 109, 212]",0.0,0.0,[26],0.004098360655737705,0.0,0.0
213,[241],0.0,0.0,"[241, 164, 233, 169, 121]",0.0,0.0,"[241, 164, 233, 169, 121, 239, 86, 238, 235, 240]",0.0,0.0,[26],0.004098360655737705,0.0,0.0
214,[241],0.0,0.0,"[241, 239, 237, 232, 233]",0.0,0.0,"[241, 239, 237, 232, 233, 238, 122, 121, 240, 131]",0.0,0.0,"[7, 9, 26]",0.008259651353276965,0.0,0.0
215,[241],0.0,0.0,"[241, 230, 121, 164, 238]",0.0,0.0,"[241, 230, 121, 164, 238, 86, 239, 48, 77, 12]",0.0,0.0,[36],0.004166666666666667,0.0,0.0
216,[241],0.0,0.0,"[241, 164, 233, 169, 121]",0.0,0.0,"[241, 164, 233, 169, 121, 239, 86, 238, 235, 240]",0.0,0.0,[26],0.004098360655737705,0.0,0.0
217,[164],0.0,0.0,"[164, 12, 207, 76, 238]",0.0,0.0,"[164, 12, 207, 76, 238, 127, 63, 87, 109, 212]",0.0,0.0,[26],0.004098360655737705,0.0,0.0
218,[241],0.0,0.0,"[241, 239, 237, 232, 233]",0.0,0.0,"[241, 239, 237, 232, 233, 238, 122, 121, 240, 131]",0.0,0.0,"[7, 9, 26]",0.008259651353276965,0.0,0.0
219,[241],0.0,0.0,"[241, 239, 237, 232, 233]",0.0,0.0,"[241, 239, 237, 232, 233, 238, 122, 121, 240, 131]",0.0,0.0,"[7, 9, 26]",0.008259651353276965,0.0,0.0
220,[164],0.0,0.0,"[164, 12, 207, 76, 238]",0.0,0.0,"[164, 12, 207, 76, 238, 127, 63, 87, 109, 212]",0.0,0.0,[26],0.004098360655737705,0.0,0.0
221,[241],0.0,0.0,"[241, 164, 233, 169, 121]",0.0,0.0,"[241, 164, 233, 169, 121, 239, 86, 238, 235, 240]",0.0,0.0,"[6, 8]",0.00767102615694165,0.0,0.0
222,[233],0.0,0.0,"[233, 76, 164, 238, 66]",0.0,0.0,"[233, 76, 164, 238, 66, 209, 12, 241, 234, 84]",0.0,0.0,[26],0.004098360655737705,0.0,0.0
223,[241],0.0,0.0,"[241, 164, 233, 169, 121]",0.0,0.0,"[241, 164, 233, 169, 121, 239, 86, 238, 235, 240]",0.0,0.0,[18],0.004149377593360996,0.0,0.0
224,[241],0.0,0.0,"[241, 164, 216, 237, 238]",0.0,0.0,"[241, 164, 216, 237, 238, 239, 131, 240, 196, 169]",0.0,0.0,"[18, 19, 20]",0.017371948779511804,0.0,0.0
225,[241],0.0,0.0,"[241, 239, 237, 232, 233]",0.0,0.0,"[241, 239, 237, 232, 233, 238, 122, 121, 240, 131]",0.0,0.0,"[7, 9, 26]",0.008259651353276965,0.0,0.0
226,[241],0.0,0.0,"[241, 239, 237, 131, 240]",0.0,0.0,"[241, 239, 237, 131, 240, 169, 121, 164, 78, 233]",0.0,0.0,"[18, 26]",0.0061730494524182035,0.0,0.0
227,[241],0.0,0.0,"[241, 164, 233, 169, 121]",0.0,0.0,"[241, 164, 233, 169, 121, 239, 86, 238, 235, 240]",0.0,0.0,"[9, 26]",0.006181693989071039,0.0,0.0
228,[241],0.0,0.0,"[241, 164, 233, 169, 121]",0.0,0.0,"[241, 164, 233, 169, 121, 239, 86, 238, 235, 240]",0.0,0.0,"[26, 27]",0.006199200991872159,0.0,0.0
229,[241],0.0,0.0,"[241, 239, 237, 232, 233]",0.0,0.0,"[241, 239, 237, 232, 233, 238, 122, 121, 240, 131]",0.0,0.0,"[7, 9, 26]",0.008259651353276965,0.0,0.0
230,[241],0.0,0.0,"[241, 164, 233, 169, 121]",0.0,0.0,"[241, 164, 233, 169, 121, 239, 86, 238, 235, 240]",0.0,0.0,[26],0.004098360655737705,0.0,0.0
231,[241],0.0,0.0,"[241, 109, 121, 85, 12]",0.0,0.0,"[241, 109, 121, 85, 12, 128, 64, 207, 239, 77]",0.0,0.0,[36],0.004201680672268907,0.0,0.0
232,[164],0.0,0.0,"[164, 12, 207, 76, 238]",0.0,0.0,"[164, 12, 207, 76, 238, 127, 63, 87, 109, 212]",0.0,0.0,[26],0.004098360655737705,0.0,0.0
233,[241],0.0,0.0,"[241, 164, 233, 169, 121]",0.0,0.0,"[241, 164, 233, 169, 121, 239, 86, 238, 235, 240]",0.0,0.0,"[6, 26]",0.006445778496113292,0.0,0.0
234,[241],0.0,0.0,"[241, 164, 233, 169, 121]",0.0,0.0,"[241, 164, 233, 169, 121, 239, 86, 238, 235, 240]",0.0,0.0,[26],0.004098360655737705,0.0,0.0
235,[241],0.0,0.0,"[241, 164, 233, 169, 121]",0.0,0.0,"[241, 164, 233, 169, 121, 239, 86, 238, 235, 240]",0.0,0.0,[26],0.004098360655737705,0.0,0.0
236,[241],0.0,0.0,"[241, 164, 233, 169, 121]",0.0,0.0,"[241, 164, 233, 169, 121, 239, 86, 238, 235, 240]",0.0,0.0,[26],0.004098360655737705,0.0,0.0
237,[241],0.0,0.0,"[241, 164, 233, 169, 121]",0.0,0.0,"[241, 164, 233, 169, 121, 239, 86, 238, 235, 240]",0.0,0.0,[26],0.004098360655737705,0.0,0.0
238,[241],0.0,0.0,"[241, 164, 233, 169, 121]",0.0,0.0,"[241, 164, 233, 169, 121, 239, 86, 238, 235, 240]",0.0,0.0,[26],0.004098360655737705,0.0,0.0
239,[241],0.0,0.0,"[241, 164, 233, 169, 121]",0.0,0.0,"[241, 164, 233, 169, 121, 239, 86, 238, 235, 240]",0.0,0.0,[26],0.004098360655737705,0.0,0.0
240,[241],0.0,0.0,"[241, 164, 233, 169, 121]",0.0,0.0,"[241, 164, 233, 169, 121, 239, 86, 238, 235, 240]",0.0,0.0,"[18, 26]",0.0061730494524182035,0.0,0.0
241,[241],0.0,0.0,"[241, 164, 233, 169, 121]",0.0,0.0,"[241, 164, 233, 169, 121, 239, 86, 238, 235, 240]",0.0,0.0,[26],0.004098360655737705,0.0,0.0
242,[241],0.0,0.0,"[241, 164, 233, 169, 121]",0.0,0.0,"[241, 164, 233, 169, 121, 239, 86, 238, 235, 240]",0.0,0.0,[26],0.004098360655737705,0.0,0.0
243,[76],0.0,0.0,"[76, 233, 12, 164, 167]",0.0,0.0,"[76, 233, 12, 164, 167, 207, 84, 169, 238, 142]",0.0,0.0,[26],0.004098360655737705,0.0,0.0
244,[233],0.0,0.0,"[233, 164, 76, 238, 12]",0.0,0.0,"[233, 164, 76, 238, 12, 90, 87, 91, 209, 86]",0.0,0.0,[26],0.004098360655737705,0.0,0.0
245,[241],0.0,0.0,"[241, 239, 237, 232, 233]",0.0,0.0,"[241, 239, 237, 232, 233, 238, 122, 121, 240, 131]",0.0,0.0,"[9, 26]",0.006164476358217044,0.0,0.0
246,[76],0.0,0.0,"[76, 233, 12, 164, 167]",0.0,0.0,"[76, 233, 12, 164, 167, 207, 84, 169, 238, 142]",0.0,0.0,[26],0.004098360655737705,0.0,0.0
247,[164],0.0,0.0,"[164, 239, 241, 48, 77]",0.0,0.0,"[164, 239, 241, 48, 77, 91, 121, 154, 207, 76]",0.0,0.0,[26],0.004098360655737705,0.0,0.0
248,[241],0.0,0.0,"[241, 164, 233, 169, 121]",0.0,0.0,"[241, 164, 233, 169, 121, 239, 86, 238, 235, 240]",0.0,0.0,[26],0.004098360655737705,0.0,0.0
249,[241],0.0,0.0,"[241, 239, 237, 232, 233]",0.0,0.0,"[241, 239, 237, 232, 233, 238, 122, 121, 240, 131]",0.0,0.0,"[9, 11, 26]",0.01314248976847745,0.0,0.0
250,[164],0.0,0.0,"[164, 12, 207, 76, 238]",0.0,0.0,"[164, 12, 207, 76, 238, 127, 63, 87, 109, 212]",0.0,0.0,[26],0.004098360655737705,0.0,0.0
251,[241],0.0,0.0,"[241, 239, 237, 232, 233]",0.0,0.0,"[241, 239, 237, 232, 233, 238, 122, 121, 240, 131]",0.0,0.0,"[18, 26, 33]",0.008283052100957092,0.0,0.0
252,[241],0.0,0.0,"[241, 164, 233, 169, 121]",0.0,0.0,"[241, 164, 233, 169, 121, 239, 86, 238, 235, 240]",0.0,0.0,[11],0.01282051282051282,0.0,0.0
253,[241],0.0,0.0,"[241, 164, 77, 127, 169]",0.0,0.0,"[241, 164, 77, 127, 169, 60, 76, 239, 238, 207]",0.0,0.0,[26],0.004098360655737705,0.0,0.0
254,[164],0.0,0.0,"[164, 241, 122, 239, 12]",0.0,0.0,"[164, 241, 122, 239, 12, 48, 135, 121, 78, 86]",0.0,0.0,"[31, 32]",0.006588319088319089,0.0,0.0
255,[12],1.0,1.0,"[12, 238, 128, 233, 77]",0.2,1.0,"[12, 238, 128, 233, 77, 121, 178, 35, 86, 122]",0.1,1.0,[12],1.0,1.0,1.0
256,[196],0.0,0.0,"[196, 169, 235, 12, 76]",0.0,0.0,"[196, 169, 235, 12, 76, 78, 231, 62, 84, 241]",0.0,0.0,[31],0.004464285714285714,0.0,0.0
257,[164],0.0,0.0,"[164, 12, 207, 76, 238]",0.0,0.0,"[164, 12, 207, 76, 238, 127, 63, 87, 109, 212]",0.0,0.0,[26],0.004098360655737705,0.0,0.0
258,[109],0.0,0.0,"[109, 91, 121, 164, 154]",0.0,0.0,"[109, 91, 121, 164, 154, 76, 142, 62, 35, 86]",0.0,0.0,[30],0.004149377593360996,0.0,0.0
259,[12],0.0,0.0,"[12, 238, 128, 233, 77]",0.0,0.0,"[12, 238, 128, 233, 77, 121, 178, 35, 86, 122]",0.0,0.0,"[8, 11]",0.008585490339044842,0.0,0.0
260,[241],0.0,0.0,"[241, 12, 164, 109, 121]",0.0,0.0,"[241, 12, 164, 109, 121, 239, 227, 187, 77, 232]",0.0,0.0,[36],0.004132231404958678,0.0,0.0
261,[241],0.0,0.0,"[241, 12, 121, 99, 114]",0.0,0.0,"[241, 12, 121, 99, 114, 207, 142, 75, 178, 157]",0.0,0.0,[36],0.00411522633744856,0.0,0.0
262,[233],0.0,0.0,"[233, 86, 164, 121, 128]",0.0,0.0,"[233, 86, 164, 121, 128, 238, 169, 122, 84, 196]",0.0,0.0,[28],0.004273504273504274,0.0,0.0
263,[233],0.0,0.0,"[233, 86, 164, 121, 128]",0.0,0.0,"[233, 86, 164, 121, 128, 238, 169, 122, 84, 196]",0.0,0.0,"[13, 26]",0.0067438633012403505,0.0,0.0
264,[233],0.0,0.0,"[233, 86, 164, 121, 128]",0.0,0.0,"[233, 86, 164, 121, 128, 238, 169, 122, 84, 196]",0.0,0.0,[26],0.004098360655737705,0.0,0.0
265,[233],0.0,0.0,"[233, 86, 164, 121, 128]",0.0,0.0,"[233, 86, 164, 121, 128, 238, 169, 122, 84, 196]",0.0,0.0,[26],0.004098360655737705,0.0,0.0
266,[233],0.0,0.0,"[233, 86, 164, 121, 128]",0.0,0.0,"[233, 86, 164, 121, 128, 238, 169, 122, 84, 196]",0.0,0.0,"[23, 26]",0.007262917617763022,0.0,0.0
267,[233],0.0,0.0,"[233, 86, 164, 121, 128]",0.0,0.0,"[233, 86, 164, 121, 128, 238, 169, 122, 84, 196]",0.0,0.0,[11],0.012048192771084338,0.0,0.0
268,[164],0.0,0.0,"[164, 121, 128, 77, 241]",0.0,0.0,"[164, 121, 128, 77, 241, 233, 84, 238, 174, 196]",0.0,0.0,"[10, 20]",0.006893004115226338,0.0,0.0
269,[164],0.0,0.0,"[164, 121, 128, 77, 241]",0.0,0.0,"[164, 121, 128, 77, 241, 233, 84, 238, 174, 196]",0.0,0.0,[10],0.00411522633744856,0.0,0.0
270,[164],0.0,0.0,"[164, 121, 128, 77, 241]",0.0,0.0,"[164, 121, 128, 77, 241, 233, 84, 238, 174, 196]",0.0,0.0,[10],0.00411522633744856,0.0,0.0
271,[164],0.0,0.0,"[164, 121, 128, 77, 241]",0.0,0.0,"[164, 121, 128, 77, 241, 233, 84, 238, 174, 196]",0.0,0.0,"[10, 26]",0.006155973824461985,0.0,0.0
272,[164],0.0,0.0,"[164, 121, 128, 77, 241]",0.0,0.0,"[164, 121, 128, 77, 241, 233, 84, 238, 174, 196]",0.0,0.0,[10],0.00411522633744856,0.0,0.0
273,[164],0.0,0.0,"[164, 121, 128, 77, 241]",0.0,0.0,"[164, 121, 128, 77, 241, 233, 84, 238, 174, 196]",0.0,0.0,[10],0.00411522633744856,0.0,0.0
274,[164],0.0,0.0,"[164, 121, 128, 77, 241]",0.0,0.0,"[164, 121, 128, 77, 241, 233, 84, 238, 174, 196]",0.0,0.0,"[10, 26]",0.006155973824461985,0.0,0.0
275,[164],0.0,0.0,"[164, 121, 128, 77, 241]",0.0,0.0,"[164, 121, 128, 77, 241, 233, 84, 238, 174, 196]",0.0,0.0,[10],0.00411522633744856,0.0,0.0
276,[164],0.0,0.0,"[164, 121, 128, 77, 241]",0.0,0.0,"[164, 121, 128, 77, 241, 233, 84, 238, 174, 196]",0.0,0.0,[10],0.00411522633744856,0.0,0.0
277,[164],0.0,0.0,"[164, 121, 128, 77, 241]",0.0,0.0,"[164, 121, 128, 77, 241, 233, 84, 238, 174, 196]",0.0,0.0,[10],0.00411522633744856,0.0,0.0
278,[164],0.0,0.0,"[164, 121, 128, 77, 241]",0.0,0.0,"[164, 121, 128, 77, 241, 233, 84, 238, 174, 196]",0.0,0.0,[10],0.00411522633744856,0.0,0.0
279,[164],0.0,0.0,"[164, 121, 128, 77, 241]",0.0,0.0,"[164, 121, 128, 77, 241, 233, 84, 238, 174, 196]",0.0,0.0,[10],0.00411522633744856,0.0,0.0
280,[164],0.0,0.0,"[164, 121, 128, 77, 241]",0.0,0.0,"[164, 121, 128, 77, 241, 233, 84, 238, 174, 196]",0.0,0.0,[10],0.00411522633744856,0.0,0.0
281,[164],0.0,0.0,"[164, 121, 128, 77, 241]",0.0,0.0,"[164, 121, 128, 77, 241, 233, 84, 238, 174, 196]",0.0,0.0,[10],0.00411522633744856,0.0,0.0
282,[164],0.0,0.0,"[164, 121, 128, 77, 241]",0.0,0.0,"[164, 121, 128, 77, 241, 233, 84, 238, 174, 196]",0.0,0.0,[10],0.00411522633744856,0.0,0.0
283,[164],0.0,0.0,"[164, 121, 128, 77, 241]",0.0,0.0,"[164, 121, 128, 77, 241, 233, 84, 238, 174, 196]",0.0,0.0,"[10, 13]",0.006602788526503286,0.0,0.0
284,[164],0.0,0.0,"[164, 121, 128, 77, 241]",0.0,0.0,"[164, 121, 128, 77, 241, 233, 84, 238, 174, 196]",0.0,0.0,[10],0.00411522633744856,0.0,0.0
285,[164],0.0,0.0,"[164, 238, 76, 121, 142]",0.0,0.0,"[164, 238, 76, 121, 142, 169, 207, 241, 239, 233]",0.0,0.0,"[13, 26]",0.006955195871452029,0.0,0.0
286,[164],0.0,0.0,"[164, 121, 128, 77, 241]",0.0,0.0,"[164, 121, 128, 77, 241, 233, 84, 238, 174, 196]",0.0,0.0,[10],0.00411522633744856,0.0,0.0
287,[164],0.0,0.0,"[164, 121, 128, 77, 241]",0.0,0.0,"[164, 121, 128, 77, 241, 233, 84, 238, 174, 196]",0.0,0.0,"[10, 26]",0.006155973824461985,0.0,0.0
288,[164],0.0,0.0,"[164, 121, 128, 77, 241]",0.0,0.0,"[164, 121, 128, 77, 241, 233, 84, 238, 174, 196]",0.0,0.0,"[10, 26]",0.006155973824461985,0.0,0.0
289,[164],0.0,0.0,"[164, 121, 128, 77, 241]",0.0,0.0,"[164, 121, 128, 77, 241, 233, 84, 238, 174, 196]",0.0,0.0,"[10, 26]",0.006155973824461985,0.0,0.0
290,[164],0.0,0.0,"[164, 121, 128, 77, 241]",0.0,0.0,"[164, 121, 128, 77, 241, 233, 84, 238, 174, 196]",0.0,0.0,[10],0.00411522633744856,0.0,0.0
291,[164],0.0,0.0,"[164, 121, 128, 77, 241]",0.0,0.0,"[164, 121, 128, 77, 241, 233, 84, 238, 174, 196]",0.0,0.0,"[10, 26]",0.006155973824461985,0.0,0.0
292,[109],0.0,0.0,"[109, 121, 12, 164, 142]",0.0,0.0,"[109, 121, 12, 164, 142, 207, 178, 231, 241, 62]",0.0,0.0,[26],0.00411522633744856,0.0,0.0
293,[164],0.0,0.0,"[164, 121, 128, 77, 241]",0.0,0.0,"[164, 121, 128, 77, 241, 233, 84, 238, 174, 196]",0.0,0.0,[10],0.00411522633744856,0.0,0.0
294,[164],0.0,0.0,"[164, 121, 128, 77, 241]",0.0,0.0,"[164, 121, 128, 77, 241, 233, 84, 238, 174, 196]",0.0,0.0,"[10, 26]",0.006155973824461985,0.0,0.0
295,[164],0.0,0.0,"[164, 121, 128, 77, 241]",0.0,0.0,"[164, 121, 128, 77, 241, 233, 84, 238, 174, 196]",0.0,0.0,"[10, 26]",0.006155973824461985,0.0,0.0
296,[164],0.0,0.0,"[164, 121, 128, 77, 241]",0.0,0.0,"[164, 121, 128, 77, 241, 233, 84, 238, 174, 196]",0.0,0.0,[10],0.00411522633744856,0.0,0.0
297,[164],0.0,0.0,"[164, 238, 76, 121, 142]",0.0,0.0,"[164, 238, 76, 121, 142, 169, 207, 241, 239, 233]",0.0,0.0,"[14, 26]",0.006385780118499013,0.0,0.0
298,[164],0.0,0.0,"[164, 121, 128, 77, 241]",0.0,0.0,"[164, 121, 128, 77, 241, 233, 84, 238, 174, 196]",0.0,0.0,"[10, 26]",0.006155973824461985,0.0,0.0
299,[164],0.0,0.0,"[164, 121, 128, 77, 241]",0.0,0.0,"[164, 121, 128, 77, 241, 233, 84, 238, 174, 196]",0.0,0.0,"[10, 13]",0.006602788526503286,0.0,0.0
300,[164],0.0,0.0,"[164, 121, 128, 77, 241]",0.0,0.0,"[164, 121, 128, 77, 241, 233, 84, 238, 174, 196]",0.0,0.0,[10],0.00411522633744856,0.0,0.0
301,[164],0.0,0.0,"[164, 121, 128, 77, 241]",0.0,0.0,"[164, 121, 128, 77, 241, 233, 84, 238, 174, 196]",0.0,0.0,[10],0.00411522633744856,0.0,0.0
302,[164],0.0,0.0,"[164, 121, 128, 77, 241]",0.0,0.0,"[164, 121, 128, 77, 241, 233, 84, 238, 174, 196]",0.0,0.0,[10],0.00411522633744856,0.0,0.0
303,[164],0.0,0.0,"[164, 121, 128, 77, 241]",0.0,0.0,"[164, 121, 128, 77, 241, 233, 84, 238, 174, 196]",0.0,0.0,[10],0.00411522633744856,0.0,0.0
304,[164],0.0,0.0,"[164, 121, 128, 77, 241]",0.0,0.0,"[164, 121, 128, 77, 241, 233, 84, 238, 174, 196]",0.0,0.0,[10],0.00411522633744856,0.0,0.0
305,[164],0.0,0.0,"[164, 121, 128, 77, 241]",0.0,0.0,"[164, 121, 128, 77, 241, 233, 84, 238, 174, 196]",0.0,0.0,"[10, 17]",0.006542410803467977,0.0,0.0
306,[164],0.0,0.0,"[164, 121, 128, 77, 241]",0.0,0.0,"[164, 121, 128, 77, 241, 233, 84, 238, 174, 196]",0.0,0.0,[10],0.00411522633744856,0.0,0.0
307,[164],0.0,0.0,"[164, 238, 76, 121, 142]",0.0,0.0,"[164, 238, 76, 121, 142, 169, 207, 241, 239, 233]",0.0,0.0,"[18, 26]",0.006139245821785505,0.0,0.0
308,[164],0.0,0.0,"[164, 121, 128, 77, 241]",0.0,0.0,"[164, 121, 128, 77, 241, 233, 84, 238, 174, 196]",0.0,0.0,[10],0.00411522633744856,0.0,0.0
309,[238],0.0,0.0,"[238, 86, 142, 128, 169]",0.0,0.0,"[238, 86, 142, 128, 169, 121, 164, 122, 207, 70]",0.0,0.0,[26],0.004098360655737705,0.0,0.0
310,[238],0.0,0.0,"[238, 86, 142, 128, 169]",0.0,0.0,"[238, 86, 142, 128, 169, 121, 164, 122, 207, 70]",0.0,0.0,[26],0.004098360655737705,0.0,0.0
311,[109],0.0,0.0,"[109, 121, 241, 207, 224]",0.0,0.0,"[109, 121, 241, 207, 224, 164, 12, 219, 48, 142]",0.0,0.0,[45],0.004524886877828055,0.0,0.0
312,[238],0.0,0.0,"[238, 86, 142, 128, 169]",0.0,0.0,"[238, 86, 142, 128, 169, 121, 164, 122, 207, 70]",0.0,0.0,[26],0.004098360655737705,0.0,0.0
313,[238],0.0,0.0,"[238, 86, 142, 128, 169]",0.0,0.0,"[238, 86, 142, 128, 169, 121, 164, 122, 207, 70]",0.0,0.0,[26],0.004098360655737705,0.0,0.0
314,[238],0.0,0.0,"[238, 86, 142, 128, 169]",0.0,0.0,"[238, 86, 142, 128, 169, 121, 164, 122, 207, 70]",0.0,0.0,[26],0.004098360655737705,0.0,0.0
315,[238],0.0,0.0,"[238, 86, 142, 128, 169]",0.0,0.0,"[238, 86, 142, 128, 169, 121, 164, 122, 207, 70]",0.0,0.0,[26],0.004098360655737705,0.0,0.0
316,[238],0.0,0.0,"[238, 86, 142, 128, 169]",0.0,0.0,"[238, 86, 142, 128, 169, 121, 164, 122, 207, 70]",0.0,0.0,[26],0.004098360655737705,0.0,0.0
317,[238],0.0,0.0,"[238, 86, 142, 128, 169]",0.0,0.0,"[238, 86, 142, 128, 169, 121, 164, 122, 207, 70]",0.0,0.0,"[18, 26]",0.006155973824461985,0.0,0.0
318,[238],0.0,0.0,"[238, 86, 142, 128, 169]",0.0,0.0,"[238, 86, 142, 128, 169, 121, 164, 122, 207, 70]",0.0,0.0,[26],0.004098360655737705,0.0,0.0
319,[238],0.0,0.0,"[238, 86, 142, 128, 169]",0.0,0.0,"[238, 86, 142, 128, 169, 121, 164, 122, 207, 70]",0.0,0.0,[26],0.004098360655737705,0.0,0.0
320,[238],0.0,0.0,"[238, 86, 142, 128, 169]",0.0,0.0,"[238, 86, 142, 128, 169, 121, 164, 122, 207, 70]",0.0,0.0,[26],0.004098360655737705,0.0,0.0
321,[238],0.0,0.0,"[238, 86, 142, 128, 169]",0.0,0.0,"[238, 86, 142, 128, 169, 121, 164, 122, 207, 70]",0.0,0.0,[26],0.004098360655737705,0.0,0.0
322,[238],0.0,0.0,"[238, 86, 142, 128, 169]",0.0,0.0,"[238, 86, 142, 128, 169, 121, 164, 122, 207, 70]",0.0,0.0,[26],0.004098360655737705,0.0,0.0
323,[238],0.0,0.0,"[238, 86, 142, 128, 169]",0.0,0.0,"[238, 86, 142, 128, 169, 121, 164, 122, 207, 70]",0.0,0.0,[26],0.004098360655737705,0.0,0.0
324,[238],0.0,0.0,"[238, 86, 142, 128, 169]",0.0,0.0,"[238, 86, 142, 128, 169, 121, 164, 122, 207, 70]",0.0,0.0,[26],0.004098360655737705,0.0,0.0
325,[238],0.0,0.0,"[238, 86, 142, 128, 169]",0.0,0.0,"[238, 86, 142, 128, 169, 121, 164, 122, 207, 70]",0.0,0.0,[26],0.004098360655737705,0.0,0.0
326,[238],0.0,0.0,"[238, 86, 142, 128, 169]",0.0,0.0,"[238, 86, 142, 128, 169, 121, 164, 122, 207, 70]",0.0,0.0,[26],0.004098360655737705,0.0,0.0
327,[238],0.0,0.0,"[238, 86, 142, 128, 169]",0.0,0.0,"[238, 86, 142, 128, 169, 121, 164, 122, 207, 70]",0.0,0.0,[26],0.004098360655737705,0.0,0.0
328,[238],0.0,0.0,"[238, 86, 142, 128, 169]",0.0,0.0,"[238, 86, 142, 128, 169, 121, 164, 122, 207, 70]",0.0,0.0,[26],0.004098360655737705,0.0,0.0
329,[238],0.0,0.0,"[238, 86, 142, 128, 169]",0.0,0.0,"[238, 86, 142, 128, 169, 121, 164, 122, 207, 70]",0.0,0.0,[26],0.004098360655737705,0.0,0.0
330,[238],0.0,0.0,"[238, 86, 142, 128, 169]",0.0,0.0,"[238, 86, 142, 128, 169, 121, 164, 122, 207, 70]",0.0,0.0,[26],0.004098360655737705,0.0,0.0
331,[238],0.0,0.0,"[238, 86, 142, 128, 169]",0.0,0.0,"[238, 86, 142, 128, 169, 121, 164, 122, 207, 70]",0.0,0.0,[26],0.004098360655737705,0.0,0.0
332,[238],0.0,0.0,"[238, 86, 142, 128, 169]",0.0,0.0,"[238, 86, 142, 128, 169, 121, 164, 122, 207, 70]",0.0,0.0,[26],0.004098360655737705,0.0,0.0
333,[238],0.0,0.0,"[238, 86, 142, 128, 169]",0.0,0.0,"[238, 86, 142, 128, 169, 121, 164, 122, 207, 70]",0.0,0.0,[21],0.022727272727272728,0.0,0.0
334,[241],0.0,0.0,"[241, 109, 48, 239, 164]",0.0,0.0,"[241, 109, 48, 239, 164, 121, 76, 207, 196, 77]",0.0,0.0,[41],0.006211180124223602,0.0,0.0
335,[12],0.0,0.0,"[12, 142, 86, 164, 121]",0.0,0.0,"[12, 142, 86, 164, 121, 192, 231, 69, 238, 63]",0.0,0.0,"[27, 36]",0.00623271092669433,0.0,0.0
336,[121],0.0,0.0,"[121, 178, 164, 238, 233]",0.0,0.0,"[121, 178, 164, 238, 233, 12, 231, 86, 212, 180]",0.0,0.0,"[26, 27]",0.006155973824461985,0.0,0.0
337,[121],0.0,0.0,"[121, 241, 48, 77, 114]",0.0,0.0,"[121, 241, 48, 77, 114, 164, 86, 99, 158, 69]",0.0,0.0,[30],0.0041841004184100415,0.0,0.0
338,[121],0.0,0.0,"[121, 178, 164, 238, 233]",0.0,0.0,"[121, 178, 164, 238, 233, 12, 231, 86, 212, 180]",0.0,0.0,[17],0.005847953216374269,0.0,0.0
339,[241],0.0,0.0,"[241, 77, 109, 239, 233]",0.0,0.0,"[241, 77, 109, 239, 233, 200, 86, 196, 12, 121]",0.0,0.0,[36],0.004132231404958678,0.0,0.0
340,[121],0.0,0.0,"[121, 178, 164, 238, 233]",0.0,0.0,"[121, 178, 164, 238, 233, 12, 231, 86, 212, 180]",0.0,0.0,"[18, 31]",0.006323290636839257,0.0,0.0
341,[12],0.0,0.0,"[12, 231, 121, 109, 241]",0.0,0.0,"[12, 231, 121, 109, 241, 235, 138, 62, 81, 142]",0.0,0.0,[34],0.009615384615384616,0.0,0.0
342,[121],0.0,0.0,"[121, 178, 164, 238, 233]",0.0,0.0,"[121, 178, 164, 238, 233, 12, 231, 86, 212, 180]",0.0,0.0,"[17, 30]",0.007143385890887556,0.0,0.0
343,[241],0.0,0.0,"[241, 12, 121, 164, 48]",0.0,0.0,"[241, 12, 121, 164, 48, 142, 135, 77, 196, 199]",0.0,0.0,[31],0.004273504273504274,0.0,0.0
344,[238],0.0,0.0,"[238, 128, 233, 240, 80]",0.0,0.0,"[238, 128, 233, 240, 80, 87, 235, 164, 169, 86]",0.0,0.0,"[17, 30]",0.006767178640481415,0.0,0.0
345,[238],0.0,0.0,"[238, 128, 233, 240, 80]",0.0,0.0,"[238, 128, 233, 240, 80, 87, 235, 164, 169, 86]",0.0,0.0,[26],0.004098360655737705,0.0,0.0
346,[238],0.0,0.0,"[238, 128, 233, 240, 80]",0.0,0.0,"[238, 128, 233, 240, 80, 87, 235, 164, 169, 86]",0.0,0.0,[17],0.005235602094240838,0.0,0.0
347,[239],0.0,0.0,"[239, 128, 142, 169, 121]",0.0,0.0,"[239, 128, 142, 169, 121, 109, 241, 164, 238, 135]",0.0,0.0,[26],0.004098360655737705,0.0,0.0
348,[239],0.0,0.0,"[239, 128, 142, 169, 121]",0.0,0.0,"[239, 128, 142, 169, 121, 109, 241, 164, 238, 135]",0.0,0.0,[18],0.00411522633744856,0.0,0.0
349,[239],0.0,0.0,"[239, 128, 142, 169, 121]",0.0,0.0,"[239, 128, 142, 169, 121, 109, 241, 164, 238, 135]",0.0,0.0,[26],0.004098360655737705,0.0,0.0
350,[239],0.0,0.0,"[239, 128, 142, 169, 121]",0.0,0.0,"[239, 128, 142, 169, 121, 109, 241, 164, 238, 135]",0.0,0.0,[26],0.004098360655737705,0.0,0.0
351,[239],0.0,0.0,"[239, 128, 142, 169, 121]",0.0,0.0,"[239, 128, 142, 169, 121, 109, 241, 164, 238, 135]",0.0,0.0,"[15, 26]",0.006549341047894568,0.0,0.0
352,[239],0.0,0.0,"[239, 128, 142, 169, 121]",0.0,0.0,"[239, 128, 142, 169, 121, 109, 241, 164, 238, 135]",0.0,0.0,[18],0.00411522633744856,0.0,0.0
353,[239],0.0,0.0,"[239, 128, 142, 169, 121]",0.0,0.0,"[239, 128, 142, 169, 121, 109, 241, 164, 238, 135]",0.0,0.0,[26],0.004098360655737705,0.0,0.0
354,[241],0.0,0.0,"[241, 121, 77, 164, 142]",0.0,0.0,"[241, 121, 77, 164, 142, 78, 196, 239, 178, 135]",0.0,0.0,"[18, 29, 37]",0.008576505807801288,0.0,0.0
355,[239],0.0,0.0,"[239, 128, 142, 169, 121]",0.0,0.0,"[239, 128, 142, 169, 121, 109, 241, 164, 238, 135]",0.0,0.0,[26],0.004098360655737705,0.0,0.0
356,[239],0.0,0.0,"[239, 128, 142, 169, 121]",0.0,0.0,"[239, 128, 142, 169, 121, 109, 241, 164, 238, 135]",0.0,0.0,"[26, 34]",0.009148865706242756,0.0,0.0
357,[239],0.0,0.0,"[239, 128, 142, 169, 121]",0.0,0.0,"[239, 128, 142, 169, 121, 109, 241, 164, 238, 135]",0.0,0.0,[14],0.004405286343612335,0.0,0.0
358,[239],0.0,0.0,"[239, 128, 142, 169, 121]",0.0,0.0,"[239, 128, 142, 169, 121, 109, 241, 164, 238, 135]",0.0,0.0,[26],0.004098360655737705,0.0,0.0
359,[164],0.0,0.0,"[164, 241, 239, 77, 121]",0.0,0.0,"[164, 241, 239, 77, 121, 238, 86, 161, 135, 146]",0.0,0.0,"[16, 37]",0.010606060606060607,0.0,0.0
360,[239],0.0,0.0,"[239, 128, 142, 169, 121]",0.0,0.0,"[239, 128, 142, 169, 121, 109, 241, 164, 238, 135]",0.0,0.0,[26],0.004098360655737705,0.0,0.0
361,[241],0.0,0.0,"[241, 164, 76, 240, 169]",0.0,0.0,"[241, 164, 76, 240, 169, 142, 12, 239, 57, 196]",0.0,0.0,[37],0.004464285714285714,0.0,0.0
362,[241],0.0,0.0,"[241, 121, 164, 35, 239]",0.0,0.0,"[241, 121, 164, 35, 239, 230, 12, 76, 86, 233]",0.0,0.0,[33],0.004166666666666667,0.0,0.0
363,[239],0.0,0.0,"[239, 128, 142, 169, 121]",0.0,0.0,"[239, 128, 142, 169, 121, 109, 241, 164, 238, 135]",0.0,0.0,"[14, 26]",0.006301003827543873,0.0,0.0
364,[239],0.0,0.0,"[239, 128, 142, 169, 121]",0.0,0.0,"[239, 128, 142, 169, 121, 109, 241, 164, 238, 135]",0.0,0.0,"[14, 26]",0.006301003827543873,0.0,0.0
365,[241],0.0,0.0,"[241, 121, 77, 164, 142]",0.0,0.0,"[241, 121, 77, 164, 142, 78, 196, 239, 178, 135]",0.0,0.0,"[18, 26, 27]",0.008340071400210763,0.0,0.0
366,[239],0.0,0.0,"[239, 128, 142, 169, 121]",0.0,0.0,"[239, 128, 142, 169, 121, 109, 241, 164, 238, 135]",0.0,0.0,[16],0.02564102564102564,0.0,0.0
367,[239],0.0,0.0,"[239, 128, 142, 169, 121]",0.0,0.0,"[239, 128, 142, 169, 121, 109, 241, 164, 238, 135]",0.0,0.0,[26],0.004098360655737705,0.0,0.0
368,[239],0.0,0.0,"[239, 128, 142, 169, 121]",0.0,0.0,"[239, 128, 142, 169, 121, 109, 241, 164, 238, 135]",0.0,0.0,[42],0.0045871559633027525,0.0,0.0
369,[239],0.0,0.0,"[239, 128, 142, 169, 121]",0.0,0.0,"[239, 128, 142, 169, 121, 109, 241, 164, 238, 135]",0.0,0.0,[18],0.00411522633744856,0.0,0.0
370,[239],0.0,0.0,"[239, 128, 142, 169, 121]",0.0,0.0,"[239, 128, 142, 169, 121, 109, 241, 164, 238, 135]",0.0,0.0,[18],0.00411522633744856,0.0,0.0
371,[239],0.0,0.0,"[239, 128, 142, 169, 121]",0.0,0.0,"[239, 128, 142, 169, 121, 109, 241, 164, 238, 135]",0.0,0.0,[18],0.00411522633744856,0.0,0.0
372,[239],0.0,0.0,"[239, 128, 142, 169, 121]",0.0,0.0,"[239, 128, 142, 169, 121, 109, 241, 164, 238, 135]",0.0,0.0,"[15, 16]",0.017722473604826545,0.0,0.0
373,[239],0.0,0.0,"[239, 128, 142, 169, 121]",0.0,0.0,"[239, 128, 142, 169, 121, 109, 241, 164, 238, 135]",0.0,0.0,[26],0.004098360655737705,0.0,0.0
374,[239],0.0,0.0,"[239, 128, 142, 169, 121]",0.0,0.0,"[239, 128, 142, 169, 121, 109, 241, 164, 238, 135]",0.0,0.0,[26],0.004098360655737705,0.0,0.0
375,[239],0.0,0.0,"[239, 128, 142, 169, 121]",0.0,0.0,"[239, 128, 142, 169, 121, 109, 241, 164, 238, 135]",0.0,0.0,"[29, 33]",0.006286129730113133,0.0,0.0
376,[241],0.0,0.0,"[241, 121, 77, 164, 142]",0.0,0.0,"[241, 121, 77, 164, 142, 78, 196, 239, 178, 135]",0.0,0.0,"[26, 30]",0.0062508754727552875,0.0,0.0
377,[239],0.0,0.0,"[239, 128, 142, 169, 121]",0.0,0.0,"[239, 128, 142, 169, 121, 109, 241, 164, 238, 135]",0.0,0.0,[37],0.004484304932735426,0.0,0.0
378,[239],0.0,0.0,"[239, 128, 142, 169, 121]",0.0,0.0,"[239, 128, 142, 169, 121, 109, 241, 164, 238, 135]",0.0,0.0,[18],0.00411522633744856,0.0,0.0
379,[241],0.0,0.0,"[241, 169, 218, 121, 238]",0.0,0.0,"[241, 169, 218, 121, 238, 62, 240, 142, 207, 12]",0.0,0.0,[47],0.00425531914893617,0.0,0.0
380,[121],0.0,0.0,"[121, 128, 196, 142, 178]",0.0,0.0,"[121, 128, 196, 142, 178, 169, 241, 164, 77, 109]",0.0,0.0,"[18, 26]",0.006164476358217044,0.0,0.0
381,[121],0.0,0.0,"[121, 128, 196, 142, 178]",0.0,0.0,"[121, 128, 196, 142, 178, 169, 241, 164, 77, 109]",0.0,0.0,[18],0.004132231404958678,0.0,0.0
382,[121],0.0,0.0,"[121, 128, 196, 142, 178]",0.0,0.0,"[121, 128, 196, 142, 178, 169, 241, 164, 77, 109]",0.0,0.0,"[26, 32]",0.006244283402518821,0.0,0.0
383,[121],0.0,0.0,"[121, 128, 196, 142, 178]",0.0,0.0,"[121, 128, 196, 142, 178, 169, 241, 164, 77, 109]",0.0,0.0,[15],0.0053475935828877,0.0,0.0
384,[241],0.0,0.0,"[241, 231, 121, 12, 35]",0.2,1.0,"[241, 231, 121, 12, 35, 223, 77, 122, 64, 59]",0.1,1.0,[35],0.2,0.2,1.0
385,[109],0.0,0.0,"[109, 241, 164, 76, 209]",0.0,0.0,"[109, 241, 164, 76, 209, 196, 48, 60, 142, 169]",0.0,0.0,[35],0.022727272727272728,0.0,0.0
386,[121],0.0,0.0,"[121, 128, 196, 142, 178]",0.0,0.0,"[121, 128, 196, 142, 178, 169, 241, 164, 77, 109]",0.0,0.0,"[27, 46]",0.007898009950248756,0.0,0.0
387,[241],0.0,0.0,"[241, 238, 240, 121, 230]",0.0,0.0,"[241, 238, 240, 121, 230, 62, 154, 231, 223, 169]",0.0,0.0,[47],0.004273504273504274,0.0,0.0
388,[241],0.0,0.0,"[241, 169, 121, 230, 84]",0.0,0.0,"[241, 169, 121, 230, 84, 240, 62, 223, 154, 239]",0.0,0.0,[46],0.004464285714285714,0.0,0.0
389,[121],0.0,0.0,"[121, 77, 128, 178, 212]",0.0,0.0,"[121, 77, 128, 178, 212, 109, 196, 180, 164, 2]",0.0,0.0,"[31, 42, 43]",0.011106707531881914,0.0,0.0
390,[121],0.0,0.0,"[121, 128, 196, 142, 178]",0.0,0.0,"[121, 128, 196, 142, 178, 169, 241, 164, 77, 109]",0.0,0.0,[29],0.004878048780487805,0.0,0.0
391,[121],0.0,0.0,"[121, 128, 196, 142, 178]",0.0,0.0,"[121, 128, 196, 142, 178, 169, 241, 164, 77, 109]",0.0,0.0,[26],0.004098360655737705,0.0,0.0
392,[241],0.0,0.0,"[241, 77, 164, 223, 48]",0.0,0.0,"[241, 77, 164, 223, 48, 233, 76, 75, 209, 35]",0.0,0.0,[32],0.004629629629629629,0.0,0.0
393,[86],0.0,0.0,"[86, 238, 146, 35, 241]",0.0,0.0,"[86, 238, 146, 35, 241, 70, 237, 121, 164, 233]",0.0,0.0,[17],0.004694835680751174,0.0,0.0
394,[241],0.0,0.0,"[241, 164, 227, 121, 207]",0.0,0.0,"[241, 164, 227, 121, 207, 238, 12, 35, 85, 233]",0.0,0.0,"[25, 31]",0.0076292089714908515,0.0,0.0
395,[241],0.0,0.0,"[241, 164, 227, 121, 207]",0.0,0.0,"[241, 164, 227, 121, 207, 238, 12, 35, 85, 233]",0.0,0.0,"[26, 29]",0.006456851221775441,0.0,0.0
396,[86],0.0,0.0,"[86, 238, 146, 35, 241]",0.0,0.0,"[86, 238, 146, 35, 241, 70, 237, 121, 164, 233]",0.0,0.0,[37],0.004901960784313725,0.0,0.0
397,[241],0.0,0.0,"[241, 169, 142, 237, 164]",0.0,0.0,"[241, 169, 142, 237, 164, 239, 233, 238, 121, 91]",0.0,0.0,"[26, 36, 37]",0.008452271400567436,0.0,0.0
398,[86],0.0,0.0,"[86, 238, 146, 35, 241]",0.0,0.0,"[86, 238, 146, 35, 241, 70, 237, 121, 164, 233]",0.0,0.0,[26],0.004098360655737705,0.0,0.0
399,[86],0.0,0.0,"[86, 238, 146, 35, 241]",0.0,0.0,"[86, 238, 146, 35, 241, 70, 237, 121, 164, 233]",0.0,0.0,[26],0.004098360655737705,0.0,0.0
400,[164],0.0,0.0,"[164, 142, 239, 241, 233]",0.0,0.0,"[164, 142, 239, 241, 233, 121, 169, 128, 109, 62]",0.0,0.0,[18],0.004132231404958678,0.0,0.0
401,[121],0.0,0.0,"[121, 169, 178, 84, 128]",0.0,0.0,"[121, 169, 178, 84, 128, 85, 76, 241, 142, 196]",0.0,0.0,[30],0.00411522633744856,0.0,0.0
402,[241],0.0,0.0,"[241, 121, 142, 196, 169]",0.0,0.0,"[241, 121, 142, 196, 169, 233, 84, 164, 240, 128]",0.0,0.0,[26],0.004098360655737705,0.0,0.0
403,[241],0.0,0.0,"[241, 121, 142, 196, 169]",0.0,0.0,"[241, 121, 142, 196, 169, 233, 84, 164, 240, 128]",0.0,0.0,[26],0.004098360655737705,0.0,0.0
404,[241],0.0,0.0,"[241, 121, 196, 48, 230]",0.0,0.0,"[241, 121, 196, 48, 230, 12, 122, 64, 142, 78]",0.0,0.0,[38],0.008620689655172414,0.0,0.0
405,[241],0.0,0.0,"[241, 121, 142, 196, 169]",0.0,0.0,"[241, 121, 142, 196, 169, 233, 84, 164, 240, 128]",0.0,0.0,"[30, 31]",0.006206920201639175,0.0,0.0
406,[241],0.0,0.0,"[241, 121, 142, 196, 169]",0.0,0.0,"[241, 121, 142, 196, 169, 233, 84, 164, 240, 128]",0.0,0.0,"[30, 33]",0.006233071741093131,0.0,0.0
407,[241],0.0,0.0,"[241, 121, 142, 196, 169]",0.0,0.0,"[241, 121, 142, 196, 169, 233, 84, 164, 240, 128]",0.0,0.0,[30],0.004132231404958678,0.0,0.0
408,[241],0.0,0.0,"[241, 121, 142, 196, 169]",0.0,0.0,"[241, 121, 142, 196, 169, 233, 84, 164, 240, 128]",0.0,0.0,[30],0.004132231404958678,0.0,0.0
409,[241],0.0,0.0,"[241, 121, 142, 196, 169]",0.0,0.0,"[241, 121, 142, 196, 169, 233, 84, 164, 240, 128]",0.0,0.0,[30],0.004132231404958678,0.0,0.0
410,[241],0.0,0.0,"[241, 121, 142, 196, 169]",0.0,0.0,"[241, 121, 142, 196, 169, 233, 84, 164, 240, 128]",0.0,0.0,[30],0.004132231404958678,0.0,0.0
411,[241],0.0,0.0,"[241, 121, 142, 196, 169]",0.0,0.0,"[241, 121, 142, 196, 169, 233, 84, 164, 240, 128]",0.0,0.0,"[30, 33]",0.006233071741093131,0.0,0.0
412,[241],0.0,0.0,"[241, 121, 142, 196, 169]",0.0,0.0,"[241, 121, 142, 196, 169, 233, 84, 164, 240, 128]",0.0,0.0,[30],0.004132231404958678,0.0,0.0
413,[241],0.0,0.0,"[241, 196, 121, 232, 240]",0.0,0.0,"[241, 196, 121, 232, 240, 239, 164, 237, 169, 60]",0.0,0.0,"[31, 32]",0.006371599815583218,0.0,0.0
414,[241],0.0,0.0,"[241, 121, 142, 196, 169]",0.0,0.0,"[241, 121, 142, 196, 169, 233, 84, 164, 240, 128]",0.0,0.0,[20],0.006896551724137931,0.0,0.0
415,[241],0.0,0.0,"[241, 121, 142, 196, 169]",0.0,0.0,"[241, 121, 142, 196, 169, 233, 84, 164, 240, 128]",0.0,0.0,"[26, 30]",0.006164476358217044,0.0,0.0
416,[241],0.0,0.0,"[241, 121, 142, 196, 169]",0.0,0.0,"[241, 121, 142, 196, 169, 233, 84, 164, 240, 128]",0.0,0.0,"[24, 26]",0.008130618720253835,0.0,0.0
417,[241],0.0,0.0,"[241, 169, 233, 196, 121]",0.0,0.0,"[241, 169, 233, 196, 121, 237, 164, 84, 240, 239]",0.0,0.0,[26],0.004098360655737705,0.0,0.0
418,[241],0.0,0.0,"[241, 169, 233, 196, 121]",0.0,0.0,"[241, 169, 233, 196, 121, 237, 164, 84, 240, 239]",0.0,0.0,[26],0.004098360655737705,0.0,0.0
419,[241],0.0,0.0,"[241, 169, 233, 196, 121]",0.0,0.0,"[241, 169, 233, 196, 121, 237, 164, 84, 240, 239]",0.0,0.0,[26],0.004098360655737705,0.0,0.0
420,[241],0.0,0.0,"[241, 169, 233, 196, 121]",0.0,0.0,"[241, 169, 233, 196, 121, 237, 164, 84, 240, 239]",0.0,0.0,"[26, 33]",0.0061904108649427254,0.0,0.0
421,[241],0.0,0.0,"[241, 169, 196, 164, 77]",0.0,0.0,"[241, 169, 196, 164, 77, 64, 121, 230, 239, 142]",0.0,0.0,"[28, 33]",0.0063561614194525586,0.0,0.0
422,[241],0.0,0.0,"[241, 169, 233, 196, 121]",0.0,0.0,"[241, 169, 233, 196, 121, 237, 164, 84, 240, 239]",0.0,0.0,[26],0.004098360655737705,0.0,0.0
423,[241],0.0,0.0,"[241, 121, 99, 196, 78]",0.0,0.0,"[241, 121, 99, 196, 78, 114, 69, 12, 142, 128]",0.0,0.0,[33],0.004098360655737705,0.0,0.0
424,[241],0.0,0.0,"[241, 169, 233, 196, 121]",0.0,0.0,"[241, 169, 233, 196, 121, 237, 164, 84, 240, 239]",0.0,0.0,"[26, 30]",0.006164476358217044,0.0,0.0
425,[241],0.0,0.0,"[241, 169, 233, 196, 121]",0.0,0.0,"[241, 169, 233, 196, 121, 237, 164, 84, 240, 239]",0.0,0.0,"[26, 30]",0.006164476358217044,0.0,0.0
426,[241],0.0,0.0,"[241, 169, 233, 196, 121]",0.0,0.0,"[241, 169, 233, 196, 121, 237, 164, 84, 240, 239]",0.0,0.0,"[26, 30]",0.006164476358217044,0.0,0.0
427,[241],0.0,0.0,"[241, 169, 233, 196, 121]",0.0,0.0,"[241, 169, 233, 196, 121, 237, 164, 84, 240, 239]",0.0,0.0,"[26, 30]",0.006164476358217044,0.0,0.0
428,[241],0.0,0.0,"[241, 169, 233, 196, 121]",0.0,0.0,"[241, 169, 233, 196, 121, 237, 164, 84, 240, 239]",0.0,0.0,"[26, 30]",0.006164476358217044,0.0,0.0
429,[241],0.0,0.0,"[241, 169, 233, 196, 121]",0.0,0.0,"[241, 169, 233, 196, 121, 237, 164, 84, 240, 239]",0.0,0.0,"[26, 30]",0.006164476358217044,0.0,0.0
430,[241],0.0,0.0,"[241, 169, 233, 196, 121]",0.0,0.0,"[241, 169, 233, 196, 121, 237, 164, 84, 240, 239]",0.0,0.0,"[26, 30]",0.006164476358217044,0.0,0.0
431,[241],0.0,0.0,"[241, 169, 233, 196, 121]",0.0,0.0,"[241, 169, 233, 196, 121, 237, 164, 84, 240, 239]",0.0,0.0,"[26, 30]",0.006164476358217044,0.0,0.0
432,[241],0.0,0.0,"[241, 169, 196, 164, 77]",0.0,0.0,"[241, 169, 196, 164, 77, 64, 121, 230, 239, 142]",0.0,0.0,"[30, 37]",0.0064193738028863485,0.0,0.0
433,[109],0.0,0.0,"[109, 241, 207, 239, 78]",0.0,0.0,"[109, 241, 207, 239, 78, 142, 96, 164, 235, 77]",0.0,0.0,[30],0.004219409282700422,0.0,0.0
434,[241],0.0,0.0,"[241, 169, 233, 196, 121]",0.0,0.0,"[241, 169, 233, 196, 121, 237, 164, 84, 240, 239]",0.0,0.0,[35],0.03125,0.0,0.0
435,[241],0.0,0.0,"[241, 169, 233, 196, 121]",0.0,0.0,"[241, 169, 233, 196, 121, 237, 164, 84, 240, 239]",0.0,0.0,[27],0.004219409282700422,0.0,0.0
436,[241],0.0,0.0,"[241, 169, 233, 196, 121]",0.0,0.0,"[241, 169, 233, 196, 121, 237, 164, 84, 240, 239]",0.0,0.0,[26],0.004098360655737705,0.0,0.0
437,[241],0.0,0.0,"[241, 169, 233, 196, 121]",0.0,0.0,"[241, 169, 233, 196, 121, 237, 164, 84, 240, 239]",0.0,0.0,[37],0.0043859649122807015,0.0,0.0
438,[241],0.0,0.0,"[241, 169, 233, 196, 121]",0.0,0.0,"[241, 169, 233, 196, 121, 237, 164, 84, 240, 239]",0.0,0.0,"[26, 34]",0.007345113902490952,0.0,0.0
439,[241],0.0,0.0,"[241, 169, 233, 196, 121]",0.0,0.0,"[241, 169, 233, 196, 121, 237, 164, 84, 240, 239]",0.0,0.0,[27],0.004219409282700422,0.0,0.0
440,[241],0.0,0.0,"[241, 169, 233, 196, 121]",0.0,0.0,"[241, 169, 233, 196, 121, 237, 164, 84, 240, 239]",0.0,0.0,[33],0.0041841004184100415,0.0,0.0
441,[241],0.0,0.0,"[241, 169, 233, 196, 121]",0.0,0.0,"[241, 169, 233, 196, 121, 237, 164, 84, 240, 239]",0.0,0.0,[30],0.004132231404958678,0.0,0.0
442,[241],0.0,0.0,"[241, 169, 233, 196, 121]",0.0,0.0,"[241, 169, 233, 196, 121, 237, 164, 84, 240, 239]",0.0,0.0,[26],0.004098360655737705,0.0,0.0
443,[121],0.0,0.0,"[121, 164, 86, 128, 233]",0.0,0.0,"[121, 164, 86, 128, 233, 77, 238, 241, 239, 196]",0.0,0.0,"[26, 27]",0.006164476358217044,0.0,0.0
444,[121],0.0,0.0,"[121, 164, 86, 128, 233]",0.0,0.0,"[121, 164, 86, 128, 233, 77, 238, 241, 239, 196]",0.0,0.0,"[26, 27]",0.006164476358217044,0.0,0.0
445,[121],0.0,0.0,"[121, 164, 86, 128, 233]",0.0,0.0,"[121, 164, 86, 128, 233, 77, 238, 241, 239, 196]",0.0,0.0,"[26, 27]",0.006164476358217044,0.0,0.0
446,[121],0.0,0.0,"[121, 164, 128, 109, 86]",0.0,0.0,"[121, 164, 128, 109, 86, 142, 64, 196, 207, 240]",0.0,0.0,"[21, 26]",0.011674118231495282,0.0,0.0
447,[128],0.0,0.0,"[128, 241, 121, 64, 196]",0.0,0.0,"[128, 241, 121, 64, 196, 142, 77, 180, 86, 207]",0.0,0.0,[26],0.004098360655737705,0.0,0.0
448,[142],0.0,0.0,"[142, 241, 164, 86, 121]",0.0,0.0,"[142, 241, 164, 86, 121, 128, 12, 239, 238, 169]",0.0,0.0,[28],0.004347826086956522,0.0,0.0
449,[142],0.0,0.0,"[142, 241, 164, 86, 121]",0.0,0.0,"[142, 241, 164, 86, 121, 128, 12, 239, 238, 169]",0.0,0.0,"[27, 30]",0.00623271092669433,0.0,0.0
450,[121],0.0,0.0,"[121, 178, 128, 164, 86]",0.0,0.0,"[121, 178, 128, 164, 86, 233, 77, 12, 169, 241]",0.0,0.0,"[30, 33]",0.00625021792949545,0.0,0.0
451,[164],0.0,0.0,"[164, 169, 233, 142, 121]",0.0,0.0,"[164, 169, 233, 142, 121, 238, 84, 86, 35, 180]",0.0,0.0,"[27, 36]",0.006285310734463277,0.0,0.0
452,[164],0.0,0.0,"[164, 169, 233, 142, 121]",0.0,0.0,"[164, 169, 233, 142, 121, 238, 84, 86, 35, 180]",0.0,0.0,[31],0.004347826086956522,0.0,0.0
453,[12],0.0,0.0,"[12, 196, 142, 128, 164]",0.0,0.0,"[12, 196, 142, 128, 164, 121, 178, 238, 233, 231]",0.0,0.0,[33],0.0041841004184100415,0.0,0.0
454,[12],0.0,0.0,"[12, 196, 142, 128, 164]",0.0,0.0,"[12, 196, 142, 128, 164, 121, 178, 238, 233, 231]",0.0,0.0,[27],0.00411522633744856,0.0,0.0
455,[12],0.0,0.0,"[12, 196, 142, 128, 164]",0.0,0.0,"[12, 196, 142, 128, 164, 121, 178, 238, 233, 231]",0.0,0.0,[36],0.004219409282700422,0.0,0.0
456,[12],0.0,0.0,"[12, 196, 142, 128, 164]",0.0,0.0,"[12, 196, 142, 128, 164, 121, 178, 238, 233, 231]",0.0,0.0,[30],0.004166666666666667,0.0,0.0
457,[12],0.0,0.0,"[12, 196, 142, 128, 164]",0.0,0.0,"[12, 196, 142, 128, 164, 121, 178, 238, 233, 231]",0.0,0.0,[36],0.004219409282700422,0.0,0.0
458,[12],0.0,0.0,"[12, 196, 142, 128, 164]",0.0,0.0,"[12, 196, 142, 128, 164, 121, 178, 238, 233, 231]",0.0,0.0,[33],0.0041841004184100415,0.0,0.0
459,[164],0.0,0.0,"[164, 241, 121, 109, 142]",0.0,0.0,"[164, 241, 121, 109, 142, 207, 77, 86, 239, 35]",0.0,0.0,"[29, 33]",0.006286129730113133,0.0,0.0
460,[12],0.0,0.0,"[12, 196, 142, 128, 164]",0.0,0.0,"[12, 196, 142, 128, 164, 121, 178, 238, 233, 231]",0.0,0.0,"[27, 30]",0.006198559670781893,0.0,0.0
461,[12],0.0,0.0,"[12, 196, 142, 128, 164]",0.0,0.0,"[12, 196, 142, 128, 164, 121, 178, 238, 233, 231]",0.0,0.0,[27],0.00411522633744856,0.0,0.0
462,[12],0.0,0.0,"[12, 196, 142, 128, 164]",0.0,0.0,"[12, 196, 142, 128, 164, 121, 178, 238, 233, 231]",0.0,0.0,[27],0.00411522633744856,0.0,0.0
463,[12],0.0,0.0,"[12, 196, 142, 128, 164]",0.0,0.0,"[12, 196, 142, 128, 164, 121, 178, 238, 233, 231]",0.0,0.0,[46],0.005208333333333333,0.0,0.0
464,[164],0.0,0.0,"[164, 241, 121, 109, 142]",0.0,0.0,"[164, 241, 121, 109, 142, 207, 77, 86, 239, 35]",0.0,0.0,"[46, 47]",0.007088667614983404,0.0,0.0
465,[241],0.0,0.0,"[241, 164, 142, 12, 114]",0.0,0.0,"[241, 164, 142, 12, 114, 99, 221, 135, 48, 86]",0.0,0.0,"[31, 42, 47]",0.008555649049698815,0.0,0.0
466,[121],0.0,0.0,"[121, 235, 239, 107, 48]",0.0,0.0,"[121, 235, 239, 107, 48, 169, 114, 86, 84, 128]",0.0,0.0,[45],0.0045045045045045045,0.0,0.0
467,[164],0.0,0.0,"[164, 241, 121, 109, 142]",0.0,0.0,"[164, 241, 121, 109, 142, 207, 77, 86, 239, 35]",0.0,0.0,"[33, 42, 45]",0.0088149717096561,0.0,0.0
468,[12],0.0,0.0,"[12, 196, 142, 128, 164]",0.0,0.0,"[12, 196, 142, 128, 164, 121, 178, 238, 233, 231]",0.0,0.0,[43],0.017857142857142856,0.0,0.0
469,[164],0.0,0.0,"[164, 241, 121, 109, 142]",0.0,0.0,"[164, 241, 121, 109, 142, 207, 77, 86, 239, 35]",0.0,0.0,"[29, 31, 42]",0.00850628759696317,0.0,0.0
470,[121],0.0,0.0,"[121, 164, 12, 241, 238]",0.0,0.0,"[121, 164, 12, 241, 238, 86, 114, 84, 99, 48]",0.0,0.0,"[31, 33, 42]",0.008515748161945965,0.0,0.0
471,[12],0.0,0.0,"[12, 196, 142, 128, 164]",0.0,0.0,"[12, 196, 142, 128, 164, 121, 178, 238, 233, 231]",0.0,0.0,[33],0.0041841004184100415,0.0,0.0
472,[12],0.0,0.0,"[12, 196, 142, 128, 164]",0.0,0.0,"[12, 196, 142, 128, 164, 121, 178, 238, 233, 231]",0.0,0.0,[42],0.004310344827586207,0.0,0.0
473,[12],0.0,0.0,"[12, 196, 142, 128, 164]",0.0,0.0,"[12, 196, 142, 128, 164, 121, 178, 238, 233, 231]",0.0,0.0,[44],0.006944444444444444,0.0,0.0
474,[12],0.0,0.0,"[12, 196, 142, 128, 164]",0.0,0.0,"[12, 196, 142, 128, 164, 121, 178, 238, 233, 231]",0.0,0.0,[42],0.004310344827586207,0.0,0.0
475,[12],0.0,0.0,"[12, 196, 142, 128, 164]",0.0,0.0,"[12, 196, 142, 128, 164, 121, 178, 238, 233, 231]",0.0,0.0,"[31, 41]",0.009613632221614727,0.0,0.0
476,[109],0.0,0.0,"[109, 154, 121, 142, 135]",0.0,0.0,"[109, 154, 121, 142, 135, 164, 128, 239, 207, 86]",0.0,0.0,"[29, 32, 34]",0.011093073593073594,0.0,0.0
477,[121],0.0,0.0,"[121, 86, 233, 128, 169]",0.0,0.0,"[121, 86, 233, 128, 169, 164, 64, 239, 142, 154]",0.0,0.0,[29],0.004273504273504274,0.0,0.0
478,[164],0.0,0.0,"[164, 121, 87, 238, 239]",0.0,0.0,"[164, 121, 87, 238, 239, 232, 240, 169, 178, 207]",0.0,0.0,"[44, 47]",0.007365955231650182,0.0,0.0
479,[121],0.0,0.0,"[121, 86, 233, 128, 169]",0.0,0.0,"[121, 86, 233, 128, 169, 164, 64, 239, 142, 154]",0.0,0.0,"[29, 30]",0.006374040272345357,0.0,0.0
480,[121],0.0,0.0,"[121, 86, 233, 128, 169]",0.0,0.0,"[121, 86, 233, 128, 169, 164, 64, 239, 142, 154]",0.0,0.0,[30],0.00423728813559322,0.0,0.0
481,[241],0.0,0.0,"[241, 164, 169, 240, 142]",0.0,0.0,"[241, 164, 169, 240, 142, 235, 233, 128, 239, 238]",0.0,0.0,[33],0.004149377593360996,0.0,0.0
482,[121],0.0,0.0,"[121, 86, 128, 164, 64]",0.0,0.0,"[121, 86, 128, 164, 64, 207, 77, 109, 70, 12]",0.0,0.0,[42],0.00425531914893617,0.0,0.0
483,[121],0.0,0.0,"[121, 86, 128, 164, 64]",0.0,0.0,"[121, 86, 128, 164, 64, 207, 77, 109, 70, 12]",0.0,0.0,[42],0.00425531914893617,0.0,0.0
484,[121],0.0,0.0,"[121, 86, 233, 164, 238]",0.0,0.0,"[121, 86, 233, 164, 238, 180, 196, 159, 84, 87]",0.0,0.0,[46],0.008264462809917356,0.0,0.0
485,[238],0.0,0.0,"[238, 233, 169, 122, 239]",0.0,0.0,"[238, 233, 169, 122, 239, 240, 241, 164, 135, 234]",0.0,0.0,"[41, 47]",0.00783948976880149,0.0,0.0
486,[142],0.0,0.0,"[142, 86, 241, 233, 12]",0.0,0.0,"[142, 86, 241, 233, 12, 239, 128, 121, 169, 164]",0.0,0.0,"[48, 48]",0.008771929824561403,0.0,0.0
487,[12],0.0,0.0,"[12, 142, 231, 121, 86]",0.0,0.0,"[12, 142, 231, 121, 86, 109, 99, 164, 235, 81]",0.0,0.0,[56],0.00510204081632653,0.0,0.0
488,[231],0.0,0.0,"[231, 207, 199, 235, 158]",0.0,0.0,"[231, 207, 199, 235, 158, 121, 109, 76, 62, 86]",0.0,0.0,[63],0.025,0.0,0.0
489,[169],0.0,0.0,"[169, 241, 164, 233, 142]",0.0,0.0,"[169, 241, 164, 233, 142, 121, 86, 128, 109, 196]",0.0,0.0,[61],0.006711409395973154,0.0,0.0
490,[121],0.0,0.0,"[121, 84, 241, 62, 219]",0.0,0.0,"[121, 84, 241, 62, 219, 12, 128, 75, 153, 240]",0.0,0.0,[68],0.004975124378109453,0.0,0.0
491,[121],0.0,0.0,"[121, 219, 12, 109, 86]",0.0,0.0,"[121, 219, 12, 109, 86, 164, 62, 63, 196, 231]",0.0,0.0,[59],0.008620689655172414,0.0,0.0
492,[169],0.0,0.0,"[169, 241, 164, 233, 142]",0.0,0.0,"[169, 241, 164, 233, 142, 121, 86, 128, 109, 196]",0.0,0.0,[61],0.006711409395973154,0.0,0.0
493,[12],0.0,0.0,"[12, 142, 90, 235, 233]",0.0,0.0,"[12, 142, 90, 235, 233, 84, 61, 240, 96, 169]",0.0,0.0,[94],0.004273504273504274,0.0,0.0
494,[142],0.0,0.0,"[142, 99, 244, 187, 21]",0.0,0.0,"[142, 99, 244, 187, 21, 48, 77, 81, 12, 86]",0.0,0.0,[93],0.004098360655737705,0.0,0.0
495,[142],0.0,0.0,"[142, 99, 244, 187, 21]",0.0,0.0,"[142, 99, 244, 187, 21, 48, 77, 81, 12, 86]",0.0,0.0,[93],0.004098360655737705,0.0,0.0
496,[142],0.0,0.0,"[142, 99, 244, 187, 21]",0.0,0.0,"[142, 99, 244, 187, 21, 48, 77, 81, 12, 86]",0.0,0.0,[93],0.004098360655737705,0.0,0.0
497,[12],0.0,0.0,"[12, 142, 90, 235, 233]",0.0,0.0,"[12, 142, 90, 235, 233, 84, 61, 240, 96, 169]",0.0,0.0,[94],0.004273504273504274,0.0,0.0
498,[142],0.0,0.0,"[142, 99, 244, 187, 21]",0.0,0.0,"[142, 99, 244, 187, 21, 48, 77, 81, 12, 86]",0.0,0.0,[93],0.004098360655737705,0.0,0.0
499,[12],0.0,0.0,"[12, 142, 90, 235, 233]",0.0,0.0,"[12, 142, 90, 235, 233, 84, 61, 240, 96, 169]",0.0,0.0,[94],0.004273504273504274,0.0,0.0
500,[142],0.0,0.0,"[142, 99, 244, 187, 21]",0.0,0.0,"[142, 99, 244, 187, 21, 48, 77, 81, 12, 86]",0.0,0.0,[93],0.004098360655737705,0.0,0.0
501,[142],0.0,0.0,"[142, 99, 244, 187, 21]",0.0,0.0,"[142, 99, 244, 187, 21, 48, 77, 81, 12, 86]",0.0,0.0,[93],0.004098360655737705,0.0,0.0
502,[142],0.0,0.0,"[142, 99, 244, 187, 21]",0.0,0.0,"[142, 99, 244, 187, 21, 48, 77, 81, 12, 86]",0.0,0.0,[93],0.004098360655737705,0.0,0.0
503,[142],0.0,0.0,"[142, 99, 244, 187, 21]",0.0,0.0,"[142, 99, 244, 187, 21, 48, 77, 81, 12, 86]",0.0,0.0,[93],0.004098360655737705,0.0,0.0
504,[142],0.0,0.0,"[142, 99, 244, 187, 21]",0.0,0.0,"[142, 99, 244, 187, 21, 48, 77, 81, 12, 86]",0.0,0.0,[93],0.004098360655737705,0.0,0.0
505,[142],0.0,0.0,"[142, 99, 244, 187, 21]",0.0,0.0,"[142, 99, 244, 187, 21, 48, 77, 81, 12, 86]",0.0,0.0,[93],0.004098360655737705,0.0,0.0
506,[121],0.0,0.0,"[121, 12, 241, 142, 128]",0.0,0.0,"[121, 12, 241, 142, 128, 112, 62, 60, 231, 85]",0.0,0.0,[102],0.013333333333333334,0.0,0.0
507,[121],0.0,0.0,"[121, 86, 164, 12, 178]",0.0,0.0,"[121, 86, 164, 12, 178, 239, 77, 207, 135, 48]",0.0,0.0,"[97, 102]",0.009414780763790664,0.0,0.0
508,[121],0.0,0.0,"[121, 164, 128, 86, 109]",0.0,0.0,"[121, 164, 128, 86, 109, 77, 135, 219, 241, 239]",0.0,0.0,"[96, 100]",0.05274725274725275,0.0,0.0
509,[233],0.0,0.0,"[233, 164, 128, 86, 121]",0.0,0.0,"[233, 164, 128, 86, 121, 142, 239, 241, 238, 169]",0.0,0.0,[102],0.008849557522123894,0.0,0.0
510,[121],0.0,0.0,"[121, 164, 128, 86, 142]",0.0,0.0,"[121, 164, 128, 86, 142, 77, 135, 169, 35, 235]",0.0,0.0,[97],0.004524886877828055,0.0,0.0
511,[164],0.0,0.0,"[164, 233, 121, 48, 239]",0.0,0.0,"[164, 233, 121, 48, 239, 86, 232, 142, 109, 207]",0.0,0.0,"[98, 98]",0.005952380952380952,0.0,0.0
512,[164],0.0,0.0,"[164, 235, 86, 142, 121]",0.0,0.0,"[164, 235, 86, 142, 121, 239, 154, 238, 62, 12]",0.0,0.0,[127],0.017857142857142856,0.0,0.0
513,[164],0.0,0.0,"[164, 235, 86, 142, 121]",0.0,0.0,"[164, 235, 86, 142, 121, 239, 154, 238, 62, 12]",0.0,0.0,"[127, 125]",0.01322041692213366,0.0,0.0
514,[164],0.0,0.0,"[164, 235, 86, 142, 121]",0.0,0.0,"[164, 235, 86, 142, 121, 239, 154, 238, 62, 12]",0.0,0.0,[127],0.017857142857142856,0.0,0.0
515,[12],0.0,0.0,"[12, 62, 233, 240, 109]",0.0,0.0,"[12, 62, 233, 240, 109, 157, 142, 121, 63, 86]",0.0,0.0,[254],0.0,0.0,0.0
516,[164],0.0,0.0,"[164, 240, 232, 239, 241]",0.0,0.0,"[164, 240, 232, 239, 241, 121, 142, 87, 99, 131]",0.0,0.0,"[144, 144, 144]",0.005714285714285714,0.0,0.0
517,[233],0.0,0.0,"[233, 164, 238, 241, 169]",0.0,0.0,"[233, 164, 238, 241, 169, 237, 142, 86, 122, 121]",0.0,0.0,[49],0.005952380952380952,0.0,0.0
518,[142],0.0,0.0,"[142, 86, 233, 128, 121]",0.0,0.0,"[142, 86, 233, 128, 121, 235, 240, 164, 169, 241]",0.0,0.0,[249],0.0,0.0,0.0
519,[142],0.0,0.0,"[142, 86, 233, 128, 121]",0.0,0.0,"[142, 86, 233, 128, 121, 235, 240, 164, 169, 241]",0.0,0.0,"[251, 251]",0.0,0.0,0.0
520,[12],0.0,0.0,"[12, 62, 233, 240, 109]",0.0,0.0,"[12, 62, 233, 240, 109, 157, 142, 121, 63, 86]",0.0,0.0,[253],0.0,0.0,0.0
521,[233],0.0,0.0,"[233, 238, 164, 87, 231]",0.0,0.0,"[233, 238, 164, 87, 231, 154, 196, 207, 35, 82]",0.0,0.0,[243],0.004166666666666667,0.0,0.0
522,[233],0.0,0.0,"[233, 238, 164, 87, 231]",0.0,0.0,"[233, 238, 164, 87, 231, 154, 196, 207, 35, 82]",0.0,0.0,[243],0.004166666666666667,0.0,0.0
523,[233],0.0,0.0,"[233, 238, 164, 87, 231]",0.0,0.0,"[233, 238, 164, 87, 231, 154, 196, 207, 35, 82]",0.0,0.0,[243],0.004166666666666667,0.0,0.0
524,[233],0.0,0.0,"[233, 238, 164, 87, 231]",0.0,0.0,"[233, 238, 164, 87, 231, 154, 196, 207, 35, 82]",0.0,0.0,[243],0.004166666666666667,0.0,0.0
525,[142],0.0,0.0,"[142, 99, 244, 187, 21]",0.0,0.0,"[142, 99, 244, 187, 21, 48, 77, 81, 12, 86]",0.0,0.0,[93],0.004098360655737705,0.0,0.0
526,[233],0.0,0.0,"[233, 238, 164, 87, 231]",0.0,0.0,"[233, 238, 164, 87, 231, 154, 196, 207, 35, 82]",0.0,0.0,[243],0.004166666666666667,0.0,0.0
527,[233],0.0,0.0,"[233, 238, 164, 87, 231]",0.0,0.0,"[233, 238, 164, 87, 231, 154, 196, 207, 35, 82]",0.0,0.0,[243],0.004166666666666667,0.0,0.0
528,[233],0.0,0.0,"[233, 238, 164, 87, 231]",0.0,0.0,"[233, 238, 164, 87, 231, 154, 196, 207, 35, 82]",0.0,0.0,[243],0.004166666666666667,0.0,0.0
529,[233],0.0,0.0,"[233, 238, 164, 87, 231]",0.0,0.0,"[233, 238, 164, 87, 231, 154, 196, 207, 35, 82]",0.0,0.0,[243],0.004166666666666667,0.0,0.0
530,[233],0.0,0.0,"[233, 238, 164, 87, 231]",0.0,0.0,"[233, 238, 164, 87, 231, 154, 196, 207, 35, 82]",0.0,0.0,[243],0.004166666666666667,0.0,0.0
531,[233],0.0,0.0,"[233, 238, 164, 87, 231]",0.0,0.0,"[233, 238, 164, 87, 231, 154, 196, 207, 35, 82]",0.0,0.0,[243],0.004166666666666667,0.0,0.0
